<mxfile host="app.diagrams.net" modified="2020-06-22T16:23:57.106Z" agent="5.0 (Macintosh; Intel Mac OS X 10_15_1) AppleWebKit/537.36 (KHTML, like Gecko) Chrome/83.0.4103.106 Safari/537.36" etag="y4P5RwjsqMipjL9enRv1" version="13.2.6" type="github" pages="22">
  <diagram id="ce8aY0RZ4zH3pJjA8_sy" name="00 - comp">
    <mxGraphModel dx="770" dy="379" grid="1" gridSize="10" guides="1" tooltips="1" connect="1" arrows="1" fold="1" page="1" pageScale="1" pageWidth="1920" pageHeight="1200" math="0" shadow="0">
      <root>
        <mxCell id="h3HhPlMf-vsFerkICVLT-0" />
        <mxCell id="h3HhPlMf-vsFerkICVLT-1" parent="h3HhPlMf-vsFerkICVLT-0" />
        <mxCell id="h3HhPlMf-vsFerkICVLT-2" style="edgeStyle=orthogonalEdgeStyle;rounded=0;html=1;exitX=1;exitY=0.5;jettySize=auto;orthogonalLoop=1;strokeWidth=2;fontSize=19;" parent="h3HhPlMf-vsFerkICVLT-1" source="h3HhPlMf-vsFerkICVLT-3" target="h3HhPlMf-vsFerkICVLT-11" edge="1">
          <mxGeometry relative="1" as="geometry" />
        </mxCell>
        <mxCell id="h3HhPlMf-vsFerkICVLT-3" value="Function" style="rounded=0;whiteSpace=wrap;html=1;shadow=1;glass=0;comic=0;strokeWidth=2;fontSize=19;align=center;fillColor=#dae8fc;strokeColor=#6c8ebf;fontStyle=1" parent="h3HhPlMf-vsFerkICVLT-1" vertex="1">
          <mxGeometry x="570" y="190" width="120" height="60" as="geometry" />
        </mxCell>
        <mxCell id="h3HhPlMf-vsFerkICVLT-4" style="edgeStyle=orthogonalEdgeStyle;rounded=0;html=1;exitX=1;exitY=0.5;jettySize=auto;orthogonalLoop=1;strokeWidth=2;fontSize=19;" parent="h3HhPlMf-vsFerkICVLT-1" source="h3HhPlMf-vsFerkICVLT-5" target="h3HhPlMf-vsFerkICVLT-11" edge="1">
          <mxGeometry relative="1" as="geometry" />
        </mxCell>
        <mxCell id="h3HhPlMf-vsFerkICVLT-5" value="Class" style="rounded=0;whiteSpace=wrap;html=1;shadow=1;glass=0;comic=0;strokeWidth=2;fontSize=19;align=center;fillColor=#dae8fc;strokeColor=#6c8ebf;fontStyle=1" parent="h3HhPlMf-vsFerkICVLT-1" vertex="1">
          <mxGeometry x="570" y="290" width="120" height="60" as="geometry" />
        </mxCell>
        <mxCell id="h3HhPlMf-vsFerkICVLT-6" style="edgeStyle=orthogonalEdgeStyle;rounded=0;html=1;exitX=1;exitY=0.5;jettySize=auto;orthogonalLoop=1;strokeWidth=2;fontSize=19;" parent="h3HhPlMf-vsFerkICVLT-1" source="h3HhPlMf-vsFerkICVLT-8" target="h3HhPlMf-vsFerkICVLT-3" edge="1">
          <mxGeometry relative="1" as="geometry" />
        </mxCell>
        <mxCell id="h3HhPlMf-vsFerkICVLT-7" style="edgeStyle=orthogonalEdgeStyle;rounded=0;html=1;exitX=1;exitY=0.5;jettySize=auto;orthogonalLoop=1;strokeWidth=2;fontSize=19;" parent="h3HhPlMf-vsFerkICVLT-1" source="h3HhPlMf-vsFerkICVLT-8" target="h3HhPlMf-vsFerkICVLT-5" edge="1">
          <mxGeometry relative="1" as="geometry" />
        </mxCell>
        <mxCell id="h3HhPlMf-vsFerkICVLT-8" value="A component is a" style="rounded=0;whiteSpace=wrap;html=1;shadow=1;glass=0;comic=0;strokeWidth=2;fontSize=19;align=center;fillColor=#ffffff;strokeColor=#000000;fontStyle=1" parent="h3HhPlMf-vsFerkICVLT-1" vertex="1">
          <mxGeometry x="390" y="240" width="140" height="60" as="geometry" />
        </mxCell>
        <mxCell id="h3HhPlMf-vsFerkICVLT-9" style="edgeStyle=orthogonalEdgeStyle;rounded=0;html=1;exitX=1;exitY=0.5;jettySize=auto;orthogonalLoop=1;strokeWidth=2;fontSize=19;" parent="h3HhPlMf-vsFerkICVLT-1" source="h3HhPlMf-vsFerkICVLT-11" target="h3HhPlMf-vsFerkICVLT-13" edge="1">
          <mxGeometry relative="1" as="geometry" />
        </mxCell>
        <mxCell id="h3HhPlMf-vsFerkICVLT-10" style="edgeStyle=orthogonalEdgeStyle;rounded=0;html=1;exitX=0.5;exitY=1;jettySize=auto;orthogonalLoop=1;strokeWidth=2;fontSize=19;" parent="h3HhPlMf-vsFerkICVLT-1" source="h3HhPlMf-vsFerkICVLT-11" edge="1">
          <mxGeometry relative="1" as="geometry">
            <mxPoint x="827.3333333333333" y="340" as="targetPoint" />
          </mxGeometry>
        </mxCell>
        <mxCell id="h3HhPlMf-vsFerkICVLT-11" value="that produces HTML to show the user" style="rounded=0;whiteSpace=wrap;html=1;shadow=1;glass=0;comic=0;strokeWidth=2;fontSize=19;align=center;fillColor=#ffffff;strokeColor=#000000;fontStyle=1" parent="h3HhPlMf-vsFerkICVLT-1" vertex="1">
          <mxGeometry x="732" y="240" width="190" height="60" as="geometry" />
        </mxCell>
        <mxCell id="h3HhPlMf-vsFerkICVLT-12" value="or" style="text;html=1;strokeColor=none;fillColor=none;align=center;verticalAlign=middle;whiteSpace=wrap;rounded=0;shadow=1;glass=0;comic=0;fontSize=19;" parent="h3HhPlMf-vsFerkICVLT-1" vertex="1">
          <mxGeometry x="610" y="260" width="40" height="20" as="geometry" />
        </mxCell>
        <mxCell id="h3HhPlMf-vsFerkICVLT-13" value="and handles feedback from the user" style="rounded=0;whiteSpace=wrap;html=1;shadow=1;glass=0;comic=0;strokeWidth=2;fontSize=19;align=center;fillColor=#ffffff;strokeColor=#000000;fontStyle=1" parent="h3HhPlMf-vsFerkICVLT-1" vertex="1">
          <mxGeometry x="945" y="240" width="210" height="60" as="geometry" />
        </mxCell>
        <mxCell id="h3HhPlMf-vsFerkICVLT-14" value="&lt;i&gt;Using JSX&lt;/i&gt;" style="text;html=1;strokeColor=none;fillColor=none;align=center;verticalAlign=middle;whiteSpace=wrap;rounded=0;shadow=1;glass=0;comic=0;fontSize=19;" parent="h3HhPlMf-vsFerkICVLT-1" vertex="1">
          <mxGeometry x="800.5" y="343" width="53" height="30" as="geometry" />
        </mxCell>
        <mxCell id="h3HhPlMf-vsFerkICVLT-15" style="edgeStyle=orthogonalEdgeStyle;rounded=0;html=1;exitX=0.5;exitY=1;jettySize=auto;orthogonalLoop=1;strokeWidth=2;fontSize=19;" parent="h3HhPlMf-vsFerkICVLT-1" edge="1">
          <mxGeometry relative="1" as="geometry">
            <mxPoint x="1050.3333333333333" y="340" as="targetPoint" />
            <mxPoint x="1050.3333333333333" y="300" as="sourcePoint" />
          </mxGeometry>
        </mxCell>
        <mxCell id="h3HhPlMf-vsFerkICVLT-16" value="&lt;i&gt;Using Event Handlers&lt;/i&gt;" style="text;html=1;strokeColor=none;fillColor=none;align=center;verticalAlign=middle;whiteSpace=wrap;rounded=0;shadow=1;glass=0;comic=0;fontSize=19;" parent="h3HhPlMf-vsFerkICVLT-1" vertex="1">
          <mxGeometry x="986.5" y="343" width="127" height="30" as="geometry" />
        </mxCell>
      </root>
    </mxGraphModel>
  </diagram>
  <diagram id="135c9a6a-6300-c412-7ab7-126ad83beb25" name="01 - component">
    <mxGraphModel dx="834" dy="411" grid="1" gridSize="10" guides="1" tooltips="1" connect="1" arrows="1" fold="1" page="1" pageScale="1" pageWidth="3300" pageHeight="4681" background="#ffffff" math="0" shadow="0">
      <root>
        <mxCell id="0" />
        <mxCell id="1" parent="0" />
        <mxCell id="2" value="&lt;b&gt;Functional&lt;/b&gt; Components" style="rounded=0;whiteSpace=wrap;html=1;strokeWidth=2;fontSize=24;fillColor=#dae8fc;strokeColor=#6c8ebf;" parent="1" vertex="1">
          <mxGeometry x="420" y="230" width="200" height="80" as="geometry" />
        </mxCell>
        <mxCell id="3" value="&lt;b&gt;Class&lt;/b&gt; Components" style="rounded=0;whiteSpace=wrap;html=1;strokeWidth=2;fontSize=24;fillColor=#dae8fc;strokeColor=#6c8ebf;" parent="1" vertex="1">
          <mxGeometry x="420" y="400" width="200" height="80" as="geometry" />
        </mxCell>
        <mxCell id="F8MANAMvAJLxI70Wtlrp-8" value="How React&amp;nbsp;&lt;i&gt;Used to Be&lt;/i&gt;" style="text;html=1;strokeColor=none;fillColor=none;align=center;verticalAlign=middle;whiteSpace=wrap;rounded=0;fontStyle=1;fontSize=28;" parent="1" vertex="1">
          <mxGeometry x="560" y="180" width="325" height="20" as="geometry" />
        </mxCell>
        <mxCell id="F8MANAMvAJLxI70Wtlrp-9" value="Can produce JSX to show content to the user" style="rounded=0;whiteSpace=wrap;html=1;strokeWidth=1;fontSize=18;fontStyle=0;fillColor=#f5f5f5;strokeColor=#666666;fontColor=#333333;" parent="1" vertex="1">
          <mxGeometry x="670" y="245" width="330" height="50" as="geometry" />
        </mxCell>
        <mxCell id="F8MANAMvAJLxI70Wtlrp-11" value="" style="shape=curlyBracket;whiteSpace=wrap;html=1;rounded=1;strokeWidth=1;fontSize=18;" parent="1" vertex="1">
          <mxGeometry x="620" y="360" width="40" height="160" as="geometry" />
        </mxCell>
        <mxCell id="F8MANAMvAJLxI70Wtlrp-12" value="Can produce JSX to show content to the user" style="rounded=0;whiteSpace=wrap;html=1;strokeWidth=1;fontSize=18;fontStyle=0;fillColor=#f5f5f5;strokeColor=#666666;fontColor=#333333;" parent="1" vertex="1">
          <mxGeometry x="670" y="360" width="330" height="50" as="geometry" />
        </mxCell>
        <mxCell id="F8MANAMvAJLxI70Wtlrp-13" value="" style="shape=curlyBracket;whiteSpace=wrap;html=1;rounded=1;strokeWidth=1;fontSize=18;" parent="1" vertex="1">
          <mxGeometry x="620" y="245" width="40" height="50" as="geometry" />
        </mxCell>
        <mxCell id="F8MANAMvAJLxI70Wtlrp-14" value="Can use the Lifecycle Method system to run code at specific points in time" style="rounded=0;whiteSpace=wrap;html=1;strokeWidth=1;fontSize=18;fontStyle=0;fillColor=#f5f5f5;strokeColor=#666666;fontColor=#333333;" parent="1" vertex="1">
          <mxGeometry x="670" y="415" width="330" height="50" as="geometry" />
        </mxCell>
        <mxCell id="F8MANAMvAJLxI70Wtlrp-15" value="Can use the &#39;state&#39; system to update content on the screen" style="rounded=0;whiteSpace=wrap;html=1;strokeWidth=1;fontSize=18;fontStyle=0;fillColor=#f5f5f5;strokeColor=#666666;fontColor=#333333;" parent="1" vertex="1">
          <mxGeometry x="670" y="470" width="330" height="50" as="geometry" />
        </mxCell>
      </root>
    </mxGraphModel>
  </diagram>
  <diagram name="02 - now" id="eONOQ2g3aCjo0pGLSdl5">
    <mxGraphModel dx="910" dy="448" grid="1" gridSize="10" guides="1" tooltips="1" connect="1" arrows="1" fold="1" page="1" pageScale="1" pageWidth="3300" pageHeight="4681" background="#ffffff" math="0" shadow="0">
      <root>
        <mxCell id="QWmKDpX9i3atYZ68oSXV-0" />
        <mxCell id="QWmKDpX9i3atYZ68oSXV-1" parent="QWmKDpX9i3atYZ68oSXV-0" />
        <mxCell id="qFbpSkpTMkdQ-36WnnHC-0" value="Hooks System&lt;br&gt;&lt;br&gt;&lt;br&gt;&lt;br&gt;" style="rounded=0;whiteSpace=wrap;html=1;shadow=1;fillColor=#ffe6cc;strokeColor=#d79b00;fontSize=24;" vertex="1" parent="QWmKDpX9i3atYZ68oSXV-1">
          <mxGeometry x="1190" y="380" width="180" height="150" as="geometry" />
        </mxCell>
        <mxCell id="QWmKDpX9i3atYZ68oSXV-3" value="&lt;b&gt;Class&lt;/b&gt; Components" style="rounded=0;whiteSpace=wrap;html=1;strokeWidth=2;fontSize=24;fillColor=#dae8fc;strokeColor=#6c8ebf;" parent="QWmKDpX9i3atYZ68oSXV-1" vertex="1">
          <mxGeometry x="470" y="415" width="160" height="80" as="geometry" />
        </mxCell>
        <mxCell id="QWmKDpX9i3atYZ68oSXV-4" value="How React &lt;i&gt;Is&amp;nbsp;Now&lt;/i&gt;" style="text;html=1;strokeColor=none;fillColor=none;align=center;verticalAlign=middle;whiteSpace=wrap;rounded=0;fontStyle=1;fontSize=28;" parent="QWmKDpX9i3atYZ68oSXV-1" vertex="1">
          <mxGeometry x="750" y="290" width="325" height="20" as="geometry" />
        </mxCell>
        <mxCell id="QWmKDpX9i3atYZ68oSXV-6" value="" style="shape=curlyBracket;whiteSpace=wrap;html=1;rounded=1;strokeWidth=1;fontSize=18;" parent="QWmKDpX9i3atYZ68oSXV-1" vertex="1">
          <mxGeometry x="630" y="330" width="30" height="250" as="geometry" />
        </mxCell>
        <mxCell id="QWmKDpX9i3atYZ68oSXV-7" value="Can produce JSX to show content to the user" style="rounded=0;whiteSpace=wrap;html=1;strokeWidth=1;fontSize=18;fontStyle=0;fillColor=#f5f5f5;strokeColor=#666666;fontColor=#333333;" parent="QWmKDpX9i3atYZ68oSXV-1" vertex="1">
          <mxGeometry x="670" y="330" width="225" height="80" as="geometry" />
        </mxCell>
        <mxCell id="QWmKDpX9i3atYZ68oSXV-9" value="Can use the Lifecycle Method system to run code at specific points in time" style="rounded=0;whiteSpace=wrap;html=1;strokeWidth=1;fontSize=18;fontStyle=0;fillColor=#f5f5f5;strokeColor=#666666;fontColor=#333333;" parent="QWmKDpX9i3atYZ68oSXV-1" vertex="1">
          <mxGeometry x="670" y="415" width="225" height="80" as="geometry" />
        </mxCell>
        <mxCell id="QWmKDpX9i3atYZ68oSXV-10" value="Can use the &#39;state&#39; system to update content on the screen" style="rounded=0;whiteSpace=wrap;html=1;strokeWidth=1;fontSize=18;fontStyle=0;fillColor=#f5f5f5;strokeColor=#666666;fontColor=#333333;" parent="QWmKDpX9i3atYZ68oSXV-1" vertex="1">
          <mxGeometry x="670" y="500" width="225" height="80" as="geometry" />
        </mxCell>
        <mxCell id="vNbhcvoCyifDrH3o2Qfo-0" value="Can produce JSX to show content to the user" style="rounded=0;whiteSpace=wrap;html=1;strokeWidth=1;fontSize=18;fontStyle=0;fillColor=#f5f5f5;strokeColor=#666666;fontColor=#333333;" parent="QWmKDpX9i3atYZ68oSXV-1" vertex="1">
          <mxGeometry x="930" y="330" width="225" height="80" as="geometry" />
        </mxCell>
        <mxCell id="vNbhcvoCyifDrH3o2Qfo-1" value="Can use &lt;b&gt;Hooks&lt;/b&gt; to run code at specific points in time" style="rounded=0;whiteSpace=wrap;html=1;strokeWidth=1;fontSize=18;fontStyle=0;fillColor=#f5f5f5;strokeColor=#666666;fontColor=#333333;" parent="QWmKDpX9i3atYZ68oSXV-1" vertex="1">
          <mxGeometry x="930" y="415" width="225" height="80" as="geometry" />
        </mxCell>
        <mxCell id="vNbhcvoCyifDrH3o2Qfo-2" value="Can use &lt;b&gt;Hooks&lt;/b&gt; to access state system and update content on screen" style="rounded=0;whiteSpace=wrap;html=1;strokeWidth=1;fontSize=18;fontStyle=0;fillColor=#f5f5f5;strokeColor=#666666;fontColor=#333333;" parent="QWmKDpX9i3atYZ68oSXV-1" vertex="1">
          <mxGeometry x="930" y="500" width="225" height="80" as="geometry" />
        </mxCell>
        <mxCell id="vNbhcvoCyifDrH3o2Qfo-3" value="&lt;b&gt;Function&lt;/b&gt; Components" style="rounded=0;whiteSpace=wrap;html=1;strokeWidth=2;fontSize=24;fillColor=#dae8fc;strokeColor=#6c8ebf;" parent="QWmKDpX9i3atYZ68oSXV-1" vertex="1">
          <mxGeometry x="1200" y="440" width="160" height="80" as="geometry" />
        </mxCell>
        <mxCell id="vNbhcvoCyifDrH3o2Qfo-5" value="" style="shape=curlyBracket;whiteSpace=wrap;html=1;rounded=1;strokeWidth=1;fontSize=18;rotation=-180;" parent="QWmKDpX9i3atYZ68oSXV-1" vertex="1">
          <mxGeometry x="1160" y="330" width="30" height="250" as="geometry" />
        </mxCell>
        <mxCell id="vNbhcvoCyifDrH3o2Qfo-7" value="" style="endArrow=classic;startArrow=classic;html=1;fontSize=18;" parent="QWmKDpX9i3atYZ68oSXV-1" edge="1">
          <mxGeometry width="50" height="50" relative="1" as="geometry">
            <mxPoint x="895" y="369.71" as="sourcePoint" />
            <mxPoint x="930" y="370" as="targetPoint" />
          </mxGeometry>
        </mxCell>
        <mxCell id="vNbhcvoCyifDrH3o2Qfo-8" value="" style="endArrow=classic;startArrow=classic;html=1;fontSize=18;" parent="QWmKDpX9i3atYZ68oSXV-1" edge="1">
          <mxGeometry width="50" height="50" relative="1" as="geometry">
            <mxPoint x="894.9999999999998" y="460.00000000000006" as="sourcePoint" />
            <mxPoint x="930" y="460.29" as="targetPoint" />
          </mxGeometry>
        </mxCell>
        <mxCell id="vNbhcvoCyifDrH3o2Qfo-9" value="" style="endArrow=classic;startArrow=classic;html=1;fontSize=18;" parent="QWmKDpX9i3atYZ68oSXV-1" edge="1">
          <mxGeometry width="50" height="50" relative="1" as="geometry">
            <mxPoint x="894.9999999999998" y="539.71" as="sourcePoint" />
            <mxPoint x="930" y="540" as="targetPoint" />
          </mxGeometry>
        </mxCell>
      </root>
    </mxGraphModel>
  </diagram>
  <diagram id="PhqZ0Ez2ktN2XD2-bDDU" name="03 - takeaway">
    <mxGraphModel dx="578" dy="284" grid="1" gridSize="10" guides="1" tooltips="1" connect="1" arrows="1" fold="1" page="1" pageScale="1" pageWidth="1920" pageHeight="1200" math="0" shadow="0">
      <root>
        <mxCell id="_WGNNjeqbCdpceJmf3tL-0" />
        <mxCell id="_WGNNjeqbCdpceJmf3tL-1" parent="_WGNNjeqbCdpceJmf3tL-0" />
        <mxCell id="sb_wdyuiQ-1tS5ackSKS-0" value="&lt;b&gt;Class&lt;/b&gt; Components" style="rounded=0;whiteSpace=wrap;html=1;strokeWidth=2;fontSize=24;fillColor=#dae8fc;strokeColor=#6c8ebf;" parent="_WGNNjeqbCdpceJmf3tL-1" vertex="1">
          <mxGeometry x="785" y="350" width="160" height="80" as="geometry" />
        </mxCell>
        <mxCell id="sb_wdyuiQ-1tS5ackSKS-1" value="&lt;b&gt;Function&lt;/b&gt; Components" style="rounded=0;whiteSpace=wrap;html=1;strokeWidth=2;fontSize=24;fillColor=#dae8fc;strokeColor=#6c8ebf;" parent="_WGNNjeqbCdpceJmf3tL-1" vertex="1">
          <mxGeometry x="975" y="350" width="160" height="80" as="geometry" />
        </mxCell>
        <mxCell id="sb_wdyuiQ-1tS5ackSKS-2" value="Have the same capabilities" style="text;html=1;strokeColor=none;fillColor=none;align=center;verticalAlign=middle;whiteSpace=wrap;rounded=0;fontSize=18;fontStyle=2" parent="_WGNNjeqbCdpceJmf3tL-1" vertex="1">
          <mxGeometry x="883" y="450" width="155" height="20" as="geometry" />
        </mxCell>
        <mxCell id="sb_wdyuiQ-1tS5ackSKS-3" value="...So...which one should we use?" style="text;html=1;strokeColor=none;fillColor=none;align=center;verticalAlign=middle;whiteSpace=wrap;rounded=0;fontSize=18;fontStyle=2" parent="_WGNNjeqbCdpceJmf3tL-1" vertex="1">
          <mxGeometry x="883" y="520" width="155" height="20" as="geometry" />
        </mxCell>
      </root>
    </mxGraphModel>
  </diagram>
  <diagram id="kDZnF2Szqbt7wBzwZE8b" name="04 - hooks">
    <mxGraphModel dx="683" dy="336" grid="1" gridSize="10" guides="1" tooltips="1" connect="1" arrows="1" fold="1" page="1" pageScale="1" pageWidth="1920" pageHeight="1200" math="0" shadow="0">
      <root>
        <mxCell id="v58d6Tz8MxOctBXqyIZ4-0" />
        <mxCell id="v58d6Tz8MxOctBXqyIZ4-1" parent="v58d6Tz8MxOctBXqyIZ4-0" />
        <mxCell id="Lijda1O8VlThPh4TVleF-0" value="&lt;b&gt;Class&lt;/b&gt; Components" style="rounded=0;whiteSpace=wrap;html=1;strokeWidth=2;fontSize=24;fillColor=#dae8fc;strokeColor=#6c8ebf;" parent="v58d6Tz8MxOctBXqyIZ4-1" vertex="1">
          <mxGeometry x="785" y="350" width="160" height="80" as="geometry" />
        </mxCell>
        <mxCell id="Lijda1O8VlThPh4TVleF-1" value="&lt;b&gt;Function&lt;/b&gt; Components" style="rounded=0;whiteSpace=wrap;html=1;strokeWidth=2;fontSize=24;fillColor=#dae8fc;strokeColor=#6c8ebf;" parent="v58d6Tz8MxOctBXqyIZ4-1" vertex="1">
          <mxGeometry x="970" y="350" width="160" height="80" as="geometry" />
        </mxCell>
        <mxCell id="Lijda1O8VlThPh4TVleF-2" value="Companies with &lt;i&gt;&lt;b&gt;established projects&lt;/b&gt; &lt;/i&gt;are using Class-based components" style="text;html=1;strokeColor=none;fillColor=none;align=center;verticalAlign=middle;whiteSpace=wrap;rounded=0;fontSize=18;" parent="v58d6Tz8MxOctBXqyIZ4-1" vertex="1">
          <mxGeometry x="794" y="470" width="332" height="30" as="geometry" />
        </mxCell>
        <mxCell id="Lijda1O8VlThPh4TVleF-3" value="Companies with &lt;b&gt;&lt;i&gt;newer&lt;/i&gt;&amp;nbsp;&lt;i&gt;projects&lt;/i&gt;&lt;/b&gt;&amp;nbsp;may be using Class-based &lt;b&gt;&lt;i&gt;or&amp;nbsp;&amp;nbsp;&lt;/i&gt;&lt;/b&gt;Function-based components" style="text;html=1;strokeColor=none;fillColor=none;align=center;verticalAlign=middle;whiteSpace=wrap;rounded=0;fontSize=18;" parent="v58d6Tz8MxOctBXqyIZ4-1" vertex="1">
          <mxGeometry x="800.5" y="560" width="320" height="30" as="geometry" />
        </mxCell>
      </root>
    </mxGraphModel>
  </diagram>
  <diagram id="skN9dtbN_XQGwm4YrOG7" name="05 - path">
    <mxGraphModel dx="556" dy="274" grid="1" gridSize="10" guides="1" tooltips="1" connect="1" arrows="1" fold="1" page="1" pageScale="1" pageWidth="1920" pageHeight="1200" math="0" shadow="0">
      <root>
        <mxCell id="0xT48gDV2PERc94EejJZ-0" />
        <mxCell id="0xT48gDV2PERc94EejJZ-1" parent="0xT48gDV2PERc94EejJZ-0" />
        <mxCell id="ViNvkPln5j0T95sLqOdb-2" style="edgeStyle=orthogonalEdgeStyle;rounded=0;orthogonalLoop=1;jettySize=auto;html=1;exitX=1;exitY=0.5;exitDx=0;exitDy=0;fontSize=24;" edge="1" parent="0xT48gDV2PERc94EejJZ-1" source="ViNvkPln5j0T95sLqOdb-0">
          <mxGeometry relative="1" as="geometry">
            <mxPoint x="830" y="430" as="targetPoint" />
          </mxGeometry>
        </mxCell>
        <mxCell id="ViNvkPln5j0T95sLqOdb-0" value="Really Hard" style="rounded=0;whiteSpace=wrap;html=1;shadow=1;fontSize=24;fillColor=#f8cecc;strokeColor=#b85450;fontStyle=1" vertex="1" parent="0xT48gDV2PERc94EejJZ-1">
          <mxGeometry x="700" y="390" width="100" height="80" as="geometry" />
        </mxCell>
        <mxCell id="ViNvkPln5j0T95sLqOdb-1" value="Much Easier" style="rounded=0;whiteSpace=wrap;html=1;shadow=1;fontSize=24;fillColor=#d5e8d4;strokeColor=#82b366;fontStyle=1" vertex="1" parent="0xT48gDV2PERc94EejJZ-1">
          <mxGeometry x="700" y="500" width="100" height="80" as="geometry" />
        </mxCell>
        <mxCell id="ViNvkPln5j0T95sLqOdb-5" style="edgeStyle=orthogonalEdgeStyle;rounded=0;orthogonalLoop=1;jettySize=auto;html=1;exitX=1;exitY=0.5;exitDx=0;exitDy=0;fontSize=17;" edge="1" parent="0xT48gDV2PERc94EejJZ-1" source="ViNvkPln5j0T95sLqOdb-3" target="ViNvkPln5j0T95sLqOdb-4">
          <mxGeometry relative="1" as="geometry" />
        </mxCell>
        <mxCell id="ViNvkPln5j0T95sLqOdb-3" value="Learn Hooks" style="rounded=0;whiteSpace=wrap;html=1;shadow=1;fontSize=17;" vertex="1" parent="0xT48gDV2PERc94EejJZ-1">
          <mxGeometry x="830" y="400" width="120" height="60" as="geometry" />
        </mxCell>
        <mxCell id="ViNvkPln5j0T95sLqOdb-4" value="Learn Redux" style="rounded=0;whiteSpace=wrap;html=1;shadow=1;fontSize=17;" vertex="1" parent="0xT48gDV2PERc94EejJZ-1">
          <mxGeometry x="980" y="400" width="120" height="60" as="geometry" />
        </mxCell>
        <mxCell id="ViNvkPln5j0T95sLqOdb-6" style="edgeStyle=orthogonalEdgeStyle;rounded=0;orthogonalLoop=1;jettySize=auto;html=1;exitX=1;exitY=0.5;exitDx=0;exitDy=0;fontSize=24;" edge="1" parent="0xT48gDV2PERc94EejJZ-1">
          <mxGeometry relative="1" as="geometry">
            <mxPoint x="830" y="540" as="targetPoint" />
            <mxPoint x="800" y="540" as="sourcePoint" />
          </mxGeometry>
        </mxCell>
        <mxCell id="ViNvkPln5j0T95sLqOdb-7" style="edgeStyle=orthogonalEdgeStyle;rounded=0;orthogonalLoop=1;jettySize=auto;html=1;exitX=1;exitY=0.5;exitDx=0;exitDy=0;fontSize=17;" edge="1" parent="0xT48gDV2PERc94EejJZ-1" source="ViNvkPln5j0T95sLqOdb-8" target="ViNvkPln5j0T95sLqOdb-9">
          <mxGeometry relative="1" as="geometry" />
        </mxCell>
        <mxCell id="ViNvkPln5j0T95sLqOdb-8" value="Learn Class Components" style="rounded=0;whiteSpace=wrap;html=1;shadow=1;fontSize=17;" vertex="1" parent="0xT48gDV2PERc94EejJZ-1">
          <mxGeometry x="830" y="510" width="120" height="60" as="geometry" />
        </mxCell>
        <mxCell id="ViNvkPln5j0T95sLqOdb-9" value="Learn Hooks" style="rounded=0;whiteSpace=wrap;html=1;shadow=1;fontSize=17;" vertex="1" parent="0xT48gDV2PERc94EejJZ-1">
          <mxGeometry x="980" y="510" width="120" height="60" as="geometry" />
        </mxCell>
        <mxCell id="ViNvkPln5j0T95sLqOdb-10" style="edgeStyle=orthogonalEdgeStyle;rounded=0;orthogonalLoop=1;jettySize=auto;html=1;exitX=1;exitY=0.5;exitDx=0;exitDy=0;fontSize=17;" edge="1" parent="0xT48gDV2PERc94EejJZ-1" target="ViNvkPln5j0T95sLqOdb-11">
          <mxGeometry relative="1" as="geometry">
            <mxPoint x="1100" y="540" as="sourcePoint" />
          </mxGeometry>
        </mxCell>
        <mxCell id="ViNvkPln5j0T95sLqOdb-11" value="Learn Redux" style="rounded=0;whiteSpace=wrap;html=1;shadow=1;fontSize=17;" vertex="1" parent="0xT48gDV2PERc94EejJZ-1">
          <mxGeometry x="1130" y="510" width="120" height="60" as="geometry" />
        </mxCell>
      </root>
    </mxGraphModel>
  </diagram>
  <diagram id="b38b273e-c916-550c-b883-63e623e01d77" name="03 - app">
    <mxGraphModel dx="1155" dy="568" grid="1" gridSize="10" guides="1" tooltips="1" connect="1" arrows="1" fold="1" page="1" pageScale="1" pageWidth="3300" pageHeight="4681" background="#ffffff" math="0" shadow="0">
      <root>
        <mxCell id="0" />
        <mxCell id="1" parent="0" />
        <mxCell id="2" value="" style="strokeWidth=1;shadow=0;dashed=0;align=center;html=1;shape=mxgraph.mockup.containers.browserWindow;rSize=0;fillColor=#ffffff;strokeColor=#666666;strokeColor2=#008cff;strokeColor3=#c4c4c4;mainText=,;recursiveResize=0;fontSize=19;" parent="1" vertex="1">
          <mxGeometry x="360" y="230" width="550" height="360" as="geometry" />
        </mxCell>
        <mxCell id="3" value="Page 1" style="strokeWidth=1;shadow=0;dashed=0;align=center;html=1;shape=mxgraph.mockup.containers.anchor;fontSize=17;fontColor=#666666;align=left;" parent="2" vertex="1">
          <mxGeometry x="60" y="12" width="110" height="26" as="geometry" />
        </mxCell>
        <mxCell id="4" value="https://www.draw.io" style="strokeWidth=1;shadow=0;dashed=0;align=center;html=1;shape=mxgraph.mockup.containers.anchor;rSize=0;fontSize=17;fontColor=#666666;align=left;" parent="2" vertex="1">
          <mxGeometry x="130" y="60" width="250" height="26" as="geometry" />
        </mxCell>
        <mxCell id="9" value="" style="shape=mxgraph.signs.nature.snowflake;html=1;fillColor=#dae8fc;strokeColor=#6c8ebf;verticalLabelPosition=bottom;verticalAlign=top;align=center;shadow=1;fontSize=19;" parent="2" vertex="1">
          <mxGeometry x="17" y="132" width="87" height="98" as="geometry" />
        </mxCell>
        <mxCell id="10" value="" style="shape=mxgraph.signs.nature.snowflake;html=1;fillColor=#dae8fc;strokeColor=#6c8ebf;verticalLabelPosition=bottom;verticalAlign=top;align=center;shadow=1;fontSize=19;" parent="2" vertex="1">
          <mxGeometry x="450" y="250" width="87" height="98" as="geometry" />
        </mxCell>
        <mxCell id="11" value="Burr, it&#39;s chilly!" style="text;html=1;strokeColor=none;fillColor=none;align=center;verticalAlign=middle;whiteSpace=wrap;rounded=0;shadow=1;fontSize=25;fontStyle=1" parent="2" vertex="1">
          <mxGeometry x="158.5" y="220" width="233" height="20" as="geometry" />
        </mxCell>
        <mxCell id="5" value="" style="strokeWidth=1;shadow=0;dashed=0;align=center;html=1;shape=mxgraph.mockup.containers.browserWindow;rSize=0;fillColor=#ffffff;strokeColor=#666666;strokeColor2=#008cff;strokeColor3=#c4c4c4;mainText=,;recursiveResize=0;fontSize=19;" parent="1" vertex="1">
          <mxGeometry x="930" y="230" width="550" height="360" as="geometry" />
        </mxCell>
        <mxCell id="6" value="Page 1" style="strokeWidth=1;shadow=0;dashed=0;align=center;html=1;shape=mxgraph.mockup.containers.anchor;fontSize=17;fontColor=#666666;align=left;" parent="5" vertex="1">
          <mxGeometry x="60" y="12" width="110" height="26" as="geometry" />
        </mxCell>
        <mxCell id="7" value="https://www.draw.io" style="strokeWidth=1;shadow=0;dashed=0;align=center;html=1;shape=mxgraph.mockup.containers.anchor;rSize=0;fontSize=17;fontColor=#666666;align=left;" parent="5" vertex="1">
          <mxGeometry x="130" y="60" width="250" height="26" as="geometry" />
        </mxCell>
        <mxCell id="12" value="Let&#39;s hit the beach!" style="text;html=1;strokeColor=none;fillColor=none;align=center;verticalAlign=middle;whiteSpace=wrap;rounded=0;shadow=1;fontSize=25;fontStyle=1" parent="5" vertex="1">
          <mxGeometry x="158.5" y="220" width="233" height="20" as="geometry" />
        </mxCell>
        <mxCell id="15" value="" style="shape=mxgraph.signs.nature.sun_3;html=1;fillColor=#ffe6cc;strokeColor=#d79b00;verticalLabelPosition=bottom;verticalAlign=top;align=center;shadow=1;fontSize=25;" parent="5" vertex="1">
          <mxGeometry x="17" y="122" width="98" height="98" as="geometry" />
        </mxCell>
        <mxCell id="16" value="" style="shape=mxgraph.signs.nature.sun_3;html=1;fillColor=#ffe6cc;strokeColor=#d79b00;verticalLabelPosition=bottom;verticalAlign=top;align=center;shadow=1;fontSize=25;" parent="5" vertex="1">
          <mxGeometry x="444.5" y="250" width="98" height="98" as="geometry" />
        </mxCell>
        <mxCell id="17" value="If the user is:" style="rounded=0;whiteSpace=wrap;html=1;shadow=1;strokeWidth=2;fontSize=25;align=center;fontStyle=1" parent="1" vertex="1">
          <mxGeometry x="365" y="600" width="180" height="60" as="geometry" />
        </mxCell>
        <mxCell id="18" value="in the &lt;b&gt;northern&lt;/b&gt; hemisphere" style="rounded=0;whiteSpace=wrap;html=1;shadow=1;strokeWidth=2;fontSize=20;align=center;" parent="1" vertex="1">
          <mxGeometry x="550" y="600" width="150" height="60" as="geometry" />
        </mxCell>
        <mxCell id="19" value="and" style="rounded=0;whiteSpace=wrap;html=1;shadow=1;strokeWidth=2;fontSize=20;align=center;" parent="1" vertex="1">
          <mxGeometry x="700" y="600" width="50" height="60" as="geometry" />
        </mxCell>
        <mxCell id="20" value="between &lt;b&gt;October&lt;/b&gt; and &lt;b&gt;March&lt;/b&gt;" style="rounded=0;whiteSpace=wrap;html=1;shadow=1;strokeWidth=2;fontSize=18;align=center;" parent="1" vertex="1">
          <mxGeometry x="750" y="600" width="150" height="60" as="geometry" />
        </mxCell>
        <mxCell id="21" value="in the &lt;b&gt;southern&lt;/b&gt; hemisphere" style="rounded=0;whiteSpace=wrap;html=1;shadow=1;strokeWidth=2;fontSize=20;align=center;" parent="1" vertex="1">
          <mxGeometry x="550" y="670" width="150" height="60" as="geometry" />
        </mxCell>
        <mxCell id="22" value="and" style="rounded=0;whiteSpace=wrap;html=1;shadow=1;strokeWidth=2;fontSize=20;align=center;" parent="1" vertex="1">
          <mxGeometry x="700" y="670" width="50" height="60" as="geometry" />
        </mxCell>
        <mxCell id="23" value="between &lt;b&gt;March&lt;/b&gt; and &lt;b&gt;October&lt;/b&gt;" style="rounded=0;whiteSpace=wrap;html=1;shadow=1;strokeWidth=2;fontSize=20;align=center;" parent="1" vertex="1">
          <mxGeometry x="750" y="670" width="150" height="60" as="geometry" />
        </mxCell>
        <mxCell id="24" value="If the user is:" style="rounded=0;whiteSpace=wrap;html=1;shadow=1;strokeWidth=2;fontSize=25;align=center;fontStyle=1" parent="1" vertex="1">
          <mxGeometry x="937.5" y="600" width="180" height="60" as="geometry" />
        </mxCell>
        <mxCell id="25" value="in the &lt;b&gt;northern&lt;/b&gt; hemisphere" style="rounded=0;whiteSpace=wrap;html=1;shadow=1;strokeWidth=2;fontSize=20;align=center;" parent="1" vertex="1">
          <mxGeometry x="1122.5" y="600" width="150" height="60" as="geometry" />
        </mxCell>
        <mxCell id="26" value="and" style="rounded=0;whiteSpace=wrap;html=1;shadow=1;strokeWidth=2;fontSize=20;align=center;" parent="1" vertex="1">
          <mxGeometry x="1272.5" y="600" width="50" height="60" as="geometry" />
        </mxCell>
        <mxCell id="27" value="between &lt;b&gt;March&lt;/b&gt; and &lt;b&gt;October&lt;/b&gt;" style="rounded=0;whiteSpace=wrap;html=1;shadow=1;strokeWidth=2;fontSize=18;align=center;" parent="1" vertex="1">
          <mxGeometry x="1322.5" y="600" width="150" height="60" as="geometry" />
        </mxCell>
        <mxCell id="28" value="in the &lt;b&gt;southern&lt;/b&gt; hemisphere" style="rounded=0;whiteSpace=wrap;html=1;shadow=1;strokeWidth=2;fontSize=20;align=center;" parent="1" vertex="1">
          <mxGeometry x="1122.5" y="670" width="150" height="60" as="geometry" />
        </mxCell>
        <mxCell id="29" value="and" style="rounded=0;whiteSpace=wrap;html=1;shadow=1;strokeWidth=2;fontSize=20;align=center;" parent="1" vertex="1">
          <mxGeometry x="1272.5" y="670" width="50" height="60" as="geometry" />
        </mxCell>
        <mxCell id="30" value="between &lt;b style=&quot;font-size: 18px;&quot;&gt;October&lt;/b&gt; and &lt;b style=&quot;font-size: 18px;&quot;&gt;March&lt;/b&gt;" style="rounded=0;whiteSpace=wrap;html=1;shadow=1;strokeWidth=2;fontSize=18;align=center;" parent="1" vertex="1">
          <mxGeometry x="1322.5" y="670" width="150" height="60" as="geometry" />
        </mxCell>
      </root>
    </mxGraphModel>
  </diagram>
  <diagram id="d0548cc9-5320-0b9c-56b4-0fb9495e5ba8" name="04 - challenges">
    
    <mxGraphModel dx="1502" dy="739" grid="1" gridSize="10" guides="1" tooltips="1" connect="1" arrows="1" fold="1" page="1" pageScale="1" pageWidth="3300" pageHeight="4681" background="#ffffff" math="0" shadow="0">
      
      <root>
        
        <mxCell id="0" />
        
        <mxCell id="1" parent="0" />
        
        <mxCell id="2" value="Need to get the users physical location" style="rounded=0;whiteSpace=wrap;html=1;shadow=1;strokeWidth=2;fontSize=18;align=center;" parent="1" vertex="1">
          
          <mxGeometry x="460" y="220" width="350" height="60" as="geometry" />
          
        </mxCell>
        
        <mxCell id="3" value="App Challenges" style="text;html=1;strokeColor=none;fillColor=none;align=center;verticalAlign=middle;whiteSpace=wrap;rounded=0;shadow=1;fontSize=22;fontStyle=1" parent="1" vertex="1">
          
          <mxGeometry x="527.5" y="190" width="215" height="20" as="geometry" />
          
        </mxCell>
        
        <mxCell id="4" value="Need to determine the current month" style="rounded=0;whiteSpace=wrap;html=1;shadow=1;strokeWidth=2;fontSize=18;align=center;" parent="1" vertex="1">
          
          <mxGeometry x="460" y="290" width="350" height="60" as="geometry" />
          
        </mxCell>
        
        <mxCell id="5" value="Need to change text and styling based on location + month" style="rounded=0;whiteSpace=wrap;html=1;shadow=1;strokeWidth=2;fontSize=18;align=center;" parent="1" vertex="1">
          
          <mxGeometry x="460" y="360" width="350" height="60" as="geometry" />
          
        </mxCell>
        
      </root>
      
    </mxGraphModel>
    
  </diagram>
  <diagram id="07bbb5fa-17f8-bbfd-c75f-1c35e21137ec" name="05 - hierarchy">
    
    <mxGraphModel dx="1502" dy="739" grid="1" gridSize="10" guides="1" tooltips="1" connect="1" arrows="1" fold="1" page="1" pageScale="1" pageWidth="3300" pageHeight="4681" background="#ffffff" math="0" shadow="0">
      
      <root>
        
        <mxCell id="0" />
        
        <mxCell id="1" parent="0" />
        
        <mxCell id="4" style="edgeStyle=orthogonalEdgeStyle;rounded=0;html=1;exitX=0.5;exitY=1;jettySize=auto;orthogonalLoop=1;strokeWidth=2;fontSize=22;" parent="1" source="2" target="3" edge="1">
          
          <mxGeometry relative="1" as="geometry" />
          
        </mxCell>
        
        <mxCell id="2" value="App" style="rounded=0;whiteSpace=wrap;html=1;shadow=1;strokeWidth=2;fontSize=22;align=center;" parent="1" vertex="1">
          
          <mxGeometry x="680" y="180" width="120" height="60" as="geometry" />
          
        </mxCell>
        
        <mxCell id="3" value="SeasonDisplay" style="rounded=0;whiteSpace=wrap;html=1;shadow=1;strokeWidth=2;fontSize=22;align=center;" parent="1" vertex="1">
          
          <mxGeometry x="640" y="350" width="200" height="60" as="geometry" />
          
        </mxCell>
        
        <mxCell id="5" value="" style="shape=curlyBracket;whiteSpace=wrap;html=1;rounded=1;shadow=1;strokeWidth=2;fontSize=22;align=center;" parent="1" vertex="1">
          
          <mxGeometry x="640" y="180" width="30" height="60" as="geometry" />
          
        </mxCell>
        
        <mxCell id="6" value="" style="shape=curlyBracket;whiteSpace=wrap;html=1;rounded=1;shadow=1;strokeWidth=2;fontSize=22;align=center;" parent="1" vertex="1">
          
          <mxGeometry x="600" y="350" width="30" height="60" as="geometry" />
          
        </mxCell>
        
        <mxCell id="7" value="Has code to determine location + month" style="text;html=1;strokeColor=none;fillColor=none;align=right;verticalAlign=middle;whiteSpace=wrap;rounded=0;shadow=1;fontSize=12;" parent="1" vertex="1">
          
          <mxGeometry x="500" y="195" width="140" height="30" as="geometry" />
          
        </mxCell>
        
        <mxCell id="8" value="Shows different text/icons based on props" style="text;html=1;strokeColor=none;fillColor=none;align=right;verticalAlign=middle;whiteSpace=wrap;rounded=0;shadow=1;fontSize=12;" parent="1" vertex="1">
          
          <mxGeometry x="460" y="365" width="140" height="30" as="geometry" />
          
        </mxCell>
        
        <mxCell id="9" value="It is summer" style="rounded=0;whiteSpace=wrap;html=1;shadow=1;strokeWidth=2;fontSize=12;align=center;fontStyle=2;fillColor=#f5f5f5;strokeColor=#666666;fontColor=#333333;" parent="1" vertex="1">
          
          <mxGeometry x="740" y="290" width="70" height="20" as="geometry" />
          
        </mxCell>
        
      </root>
      
    </mxGraphModel>
    
  </diagram>
  <diagram id="571f4bdf-45d3-1124-8949-f28afa1e9a9c" name="07 -geo">
    
    <mxGraphModel dx="1502" dy="739" grid="1" gridSize="10" guides="1" tooltips="1" connect="1" arrows="1" fold="1" page="1" pageScale="1" pageWidth="3300" pageHeight="4681" background="#ffffff" math="0" shadow="0">
      
      <root>
        
        <mxCell id="0" />
        
        <mxCell id="1" parent="0" />
        
        <mxCell id="2" value="developer.mozilla.org/en-US/docs/Web/API/Geolocation_API" style="rounded=0;whiteSpace=wrap;html=1;shadow=1;strokeWidth=2;fontSize=16;align=center;" parent="1" vertex="1">
          
          <mxGeometry x="500" y="260" width="480" height="60" as="geometry" />
          
        </mxCell>
        
        <mxCell id="3" value="Geolocation API" style="text;html=1;strokeColor=none;fillColor=none;align=center;verticalAlign=middle;whiteSpace=wrap;rounded=0;shadow=1;fontSize=21;fontStyle=1" parent="1" vertex="1">
          
          <mxGeometry x="635" y="230" width="210" height="20" as="geometry" />
          
        </mxCell>
        
      </root>
      
    </mxGraphModel>
    
  </diagram>
  <diagram id="e0b9c9ac-fe84-3e5a-781c-2610eaebb276" name="06 - timeline">
    
    <mxGraphModel dx="699" dy="314" grid="1" gridSize="10" guides="1" tooltips="1" connect="1" arrows="1" fold="1" page="1" pageScale="1" pageWidth="3300" pageHeight="4681" background="#ffffff" math="0" shadow="0">
      
      <root>
        
        <mxCell id="0" />
        
        <mxCell id="1" parent="0" />
        
        <mxCell id="2" value="JS file loaded by browser" style="rounded=0;whiteSpace=wrap;html=1;shadow=1;strokeWidth=2;fontSize=16;align=center;" vertex="1" parent="1">
          
          <mxGeometry x="510" y="90" width="280" height="40" as="geometry" />
          
        </mxCell>
        
        <mxCell id="3" value="App component gets created" style="rounded=0;whiteSpace=wrap;html=1;shadow=1;strokeWidth=2;fontSize=16;align=center;" vertex="1" parent="1">
          
          <mxGeometry x="510" y="140" width="280" height="40" as="geometry" />
          
        </mxCell>
        
        <mxCell id="4" value="We call geolocation service" style="rounded=0;whiteSpace=wrap;html=1;shadow=1;strokeWidth=2;fontSize=16;align=center;" vertex="1" parent="1">
          
          <mxGeometry x="510" y="190" width="280" height="40" as="geometry" />
          
        </mxCell>
        
        <mxCell id="5" value="App returns JSX, gets rendered to page as HTML" style="rounded=0;whiteSpace=wrap;html=1;shadow=1;strokeWidth=2;fontSize=16;align=center;" vertex="1" parent="1">
          
          <mxGeometry x="510" y="240" width="280" height="40" as="geometry" />
          
        </mxCell>
        
        <mxCell id="6" value="We get result of geolocation!" style="rounded=0;whiteSpace=wrap;html=1;shadow=1;strokeWidth=2;fontSize=16;align=center;" vertex="1" parent="1">
          
          <mxGeometry x="510" y="320" width="280" height="40" as="geometry" />
          
        </mxCell>
        
        <mxCell id="7" value="" style="endArrow=classic;html=1;strokeWidth=2;fontSize=12;" edge="1" parent="1">
          
          <mxGeometry width="50" height="50" relative="1" as="geometry">
            
            <mxPoint x="500" y="90" as="sourcePoint" />
            
            <mxPoint x="500" y="360" as="targetPoint" />
            
          </mxGeometry>
          
        </mxCell>
        
        <mxCell id="9" value="Time" style="text;html=1;strokeColor=none;fillColor=none;align=center;verticalAlign=middle;whiteSpace=wrap;rounded=0;shadow=1;fontSize=12;" vertex="1" parent="1">
          
          <mxGeometry x="460" y="90" width="40" height="20" as="geometry" />
          
        </mxCell>
        
        <mxCell id="10" value="..." style="text;html=1;strokeColor=none;fillColor=none;align=center;verticalAlign=middle;whiteSpace=wrap;rounded=0;shadow=1;fontSize=16;fontStyle=1" vertex="1" parent="1">
          
          <mxGeometry x="630" y="290" width="40" height="20" as="geometry" />
          
        </mxCell>
        
      </root>
      
    </mxGraphModel>
    
  </diagram>
  <diagram name="07 - async" id="fb41d762-038f-00e3-d237-1919f80cca71">
    
    <mxGraphModel dx="932" dy="419" grid="1" gridSize="10" guides="1" tooltips="1" connect="1" arrows="1" fold="1" page="1" pageScale="1" pageWidth="3300" pageHeight="4681" background="#ffffff" math="0" shadow="0">
      
      <root>
        
        <mxCell id="0" />
        
        <mxCell id="1" parent="0" />
        
        <mxCell id="2" value="JS file loaded by browser" style="rounded=0;whiteSpace=wrap;html=1;shadow=1;strokeWidth=2;fontSize=16;align=center;" vertex="1" parent="1">
          
          <mxGeometry x="510" y="90" width="360" height="40" as="geometry" />
          
        </mxCell>
        
        <mxCell id="3" value="App component gets created" style="rounded=0;whiteSpace=wrap;html=1;shadow=1;strokeWidth=2;fontSize=16;align=center;" vertex="1" parent="1">
          
          <mxGeometry x="510" y="140" width="360" height="40" as="geometry" />
          
        </mxCell>
        
        <mxCell id="4" value="We call geolocation service" style="rounded=0;whiteSpace=wrap;html=1;shadow=1;strokeWidth=2;fontSize=16;align=center;" vertex="1" parent="1">
          
          <mxGeometry x="510" y="190" width="360" height="40" as="geometry" />
          
        </mxCell>
        
        <mxCell id="5" value="App returns JSX, gets rendered to page as HTML" style="rounded=0;whiteSpace=wrap;html=1;shadow=1;strokeWidth=2;fontSize=16;align=center;" vertex="1" parent="1">
          
          <mxGeometry x="510" y="240" width="360" height="40" as="geometry" />
          
        </mxCell>
        
        <mxCell id="6" value="We get result of geolocation!" style="rounded=0;whiteSpace=wrap;html=1;shadow=1;strokeWidth=2;fontSize=16;align=center;" vertex="1" parent="1">
          
          <mxGeometry x="510" y="320" width="360" height="40" as="geometry" />
          
        </mxCell>
        
        <mxCell id="7" value="" style="endArrow=classic;html=1;strokeWidth=2;fontSize=12;" edge="1" parent="1">
          
          <mxGeometry width="50" height="50" relative="1" as="geometry">
            
            <mxPoint x="500" y="90" as="sourcePoint" />
            
            <mxPoint x="500" y="410" as="targetPoint" />
            
          </mxGeometry>
          
        </mxCell>
        
        <mxCell id="8" value="Time" style="text;html=1;strokeColor=none;fillColor=none;align=center;verticalAlign=middle;whiteSpace=wrap;rounded=0;shadow=1;fontSize=12;" vertex="1" parent="1">
          
          <mxGeometry x="460" y="90" width="40" height="20" as="geometry" />
          
        </mxCell>
        
        <mxCell id="9" value="..." style="text;html=1;strokeColor=none;fillColor=none;align=center;verticalAlign=middle;whiteSpace=wrap;rounded=0;shadow=1;fontSize=16;fontStyle=1" vertex="1" parent="1">
          
          <mxGeometry x="670" y="290" width="40" height="20" as="geometry" />
          
        </mxCell>
        
        <mxCell id="10" value="Tell the component to rerender itself with this new information" style="rounded=0;whiteSpace=wrap;html=1;shadow=1;strokeWidth=2;fontSize=16;align=center;fillColor=#d5e8d4;strokeColor=#82b366;" vertex="1" parent="1">
          
          <mxGeometry x="510" y="370" width="360" height="40" as="geometry" />
          
        </mxCell>
        
      </root>
      
    </mxGraphModel>
    
  </diagram>
  <diagram id="268ae3a5-9578-1858-c67f-ffedf8be4383" name="11 - state">
    
    <mxGraphModel dx="699" dy="314" grid="1" gridSize="10" guides="1" tooltips="1" connect="1" arrows="1" fold="1" page="1" pageScale="1" pageWidth="3300" pageHeight="4681" background="#ffffff" math="0" shadow="0">
      
      <root>
        
        <mxCell id="0" />
        
        <mxCell id="1" parent="0" />
        
        <mxCell id="2" value="JS file loaded by browser" style="rounded=0;whiteSpace=wrap;html=1;shadow=1;strokeWidth=2;fontSize=16;align=center;" vertex="1" parent="1">
          
          <mxGeometry x="530" y="220" width="360" height="40" as="geometry" />
          
        </mxCell>
        
        <mxCell id="3" value="App components &#39;constructor&#39; function gets called" style="rounded=0;whiteSpace=wrap;html=1;shadow=1;strokeWidth=2;fontSize=16;align=center;" vertex="1" parent="1">
          
          <mxGeometry x="530" y="320" width="360" height="40" as="geometry" />
          
        </mxCell>
        
        <mxCell id="4" value="We call geolocation service" style="rounded=0;whiteSpace=wrap;html=1;shadow=1;strokeWidth=2;fontSize=16;align=center;" vertex="1" parent="1">
          
          <mxGeometry x="530" y="420" width="360" height="40" as="geometry" />
          
        </mxCell>
        
        <mxCell id="5" value="App returns JSX, gets rendered to page as HTML" style="rounded=0;whiteSpace=wrap;html=1;shadow=1;strokeWidth=2;fontSize=16;align=center;fontStyle=1" vertex="1" parent="1">
          
          <mxGeometry x="530" y="520" width="360" height="40" as="geometry" />
          
        </mxCell>
        
        <mxCell id="6" value="We get result of geolocation!" style="rounded=0;whiteSpace=wrap;html=1;shadow=1;strokeWidth=2;fontSize=16;align=center;" vertex="1" parent="1">
          
          <mxGeometry x="530" y="600" width="360" height="40" as="geometry" />
          
        </mxCell>
        
        <mxCell id="7" value="" style="endArrow=classic;html=1;strokeWidth=2;fontSize=12;" edge="1" parent="1">
          
          <mxGeometry width="50" height="50" relative="1" as="geometry">
            
            <mxPoint x="520" y="220" as="sourcePoint" />
            
            <mxPoint x="520" y="890" as="targetPoint" />
            
          </mxGeometry>
          
        </mxCell>
        
        <mxCell id="8" value="Time" style="text;html=1;strokeColor=none;fillColor=none;align=center;verticalAlign=middle;whiteSpace=wrap;rounded=0;shadow=1;fontSize=12;" vertex="1" parent="1">
          
          <mxGeometry x="480" y="220" width="40" height="20" as="geometry" />
          
        </mxCell>
        
        <mxCell id="9" value="..." style="text;html=1;strokeColor=none;fillColor=none;align=center;verticalAlign=middle;whiteSpace=wrap;rounded=0;shadow=1;fontSize=16;fontStyle=1" vertex="1" parent="1">
          
          <mxGeometry x="690" y="570" width="40" height="20" as="geometry" />
          
        </mxCell>
        
        <mxCell id="13" value="Instance of App component is created" style="rounded=0;whiteSpace=wrap;html=1;shadow=1;strokeWidth=2;fontSize=16;align=center;" vertex="1" parent="1">
          
          <mxGeometry x="530" y="270" width="360" height="40" as="geometry" />
          
        </mxCell>
        
        <mxCell id="14" value="State object is created and assigned to the &#39;this.state&#39; property" style="rounded=0;whiteSpace=wrap;html=1;shadow=1;strokeWidth=2;fontSize=16;align=center;" vertex="1" parent="1">
          
          <mxGeometry x="530" y="370" width="360" height="40" as="geometry" />
          
        </mxCell>
        
        <mxCell id="15" value="React calls the components render method" style="rounded=0;whiteSpace=wrap;html=1;shadow=1;strokeWidth=2;fontSize=16;align=center;" vertex="1" parent="1">
          
          <mxGeometry x="530" y="470" width="360" height="40" as="geometry" />
          
        </mxCell>
        
        <mxCell id="16" value="We update our state object with a call to &#39;this.setState&#39;" style="rounded=0;whiteSpace=wrap;html=1;shadow=1;strokeWidth=2;fontSize=16;align=center;" vertex="1" parent="1">
          
          <mxGeometry x="530" y="650" width="360" height="40" as="geometry" />
          
        </mxCell>
        
        <mxCell id="17" value="React sees that we updated the state of a component" style="rounded=0;whiteSpace=wrap;html=1;shadow=1;strokeWidth=2;fontSize=16;align=center;" vertex="1" parent="1">
          
          <mxGeometry x="530" y="700" width="360" height="40" as="geometry" />
          
        </mxCell>
        
        <mxCell id="18" value="React calls our &#39;render&#39; method a second time" style="rounded=0;whiteSpace=wrap;html=1;shadow=1;strokeWidth=2;fontSize=16;align=center;" vertex="1" parent="1">
          
          <mxGeometry x="530" y="750" width="360" height="40" as="geometry" />
          
        </mxCell>
        
        <mxCell id="19" value="Render method returns some (updated) JSX" style="rounded=0;whiteSpace=wrap;html=1;shadow=1;strokeWidth=2;fontSize=16;align=center;fontStyle=1" vertex="1" parent="1">
          
          <mxGeometry x="530" y="800" width="360" height="40" as="geometry" />
          
        </mxCell>
        
        <mxCell id="20" value="React takes that JSX and updates content on the screen" style="rounded=0;whiteSpace=wrap;html=1;shadow=1;strokeWidth=2;fontSize=16;align=center;" vertex="1" parent="1">
          
          <mxGeometry x="530" y="850" width="360" height="40" as="geometry" />
          
        </mxCell>
        
      </root>
      
    </mxGraphModel>
    
  </diagram>
  <diagram id="9293fff5-c206-628e-585f-874989c804d8" name="12 - neither">
    
    <mxGraphModel dx="932" dy="419" grid="1" gridSize="10" guides="1" tooltips="1" connect="1" arrows="1" fold="1" page="1" pageScale="1" pageWidth="3300" pageHeight="4681" background="#ffffff" math="0" shadow="0">
      
      <root>
        
        <mxCell id="0" />
        
        <mxCell id="1" parent="0" />
        
        <mxCell id="5" style="edgeStyle=orthogonalEdgeStyle;rounded=0;html=1;exitX=1;exitY=0.5;jettySize=auto;orthogonalLoop=1;strokeWidth=2;fontSize=18;" edge="1" parent="1" source="2">
          
          <mxGeometry relative="1" as="geometry">
            
            <mxPoint x="870.3333333333333" y="310.33333333333337" as="targetPoint" />
            
          </mxGeometry>
          
        </mxCell>
        
        <mxCell id="2" value="No errorMessage" style="rounded=0;whiteSpace=wrap;html=1;shadow=1;strokeWidth=2;fontSize=18;align=center;fillColor=#ffe6cc;strokeColor=#d79b00;" vertex="1" parent="1">
          
          <mxGeometry x="650" y="280" width="180" height="60" as="geometry" />
          
        </mxCell>
        
        <mxCell id="4" value="Have latitude" style="rounded=0;whiteSpace=wrap;html=1;shadow=1;strokeWidth=2;fontSize=18;align=center;fillColor=#d5e8d4;strokeColor=#82b366;" vertex="1" parent="1">
          
          <mxGeometry x="470" y="280" width="180" height="60" as="geometry" />
          
        </mxCell>
        
        <mxCell id="6" value="Show latittude" style="rounded=0;whiteSpace=wrap;html=1;shadow=1;strokeWidth=2;fontSize=18;align=center;" vertex="1" parent="1">
          
          <mxGeometry x="870" y="280" width="180" height="60" as="geometry" />
          
        </mxCell>
        
        <mxCell id="7" style="edgeStyle=orthogonalEdgeStyle;rounded=0;html=1;exitX=1;exitY=0.5;jettySize=auto;orthogonalLoop=1;strokeWidth=2;fontSize=18;" edge="1" source="8" parent="1">
          
          <mxGeometry relative="1" as="geometry">
            
            <mxPoint x="870.3333333333333" y="390.33333333333337" as="targetPoint" />
            
          </mxGeometry>
          
        </mxCell>
        
        <mxCell id="8" value="Have errorMessage" style="rounded=0;whiteSpace=wrap;html=1;shadow=1;strokeWidth=2;fontSize=18;align=center;fillColor=#d5e8d4;strokeColor=#82b366;" vertex="1" parent="1">
          
          <mxGeometry x="650" y="360" width="180" height="60" as="geometry" />
          
        </mxCell>
        
        <mxCell id="9" value="No latitude" style="rounded=0;whiteSpace=wrap;html=1;shadow=1;strokeWidth=2;fontSize=18;align=center;fillColor=#ffe6cc;strokeColor=#d79b00;" vertex="1" parent="1">
          
          <mxGeometry x="470" y="360" width="180" height="60" as="geometry" />
          
        </mxCell>
        
        <mxCell id="10" value="Show error" style="rounded=0;whiteSpace=wrap;html=1;shadow=1;strokeWidth=2;fontSize=18;align=center;" vertex="1" parent="1">
          
          <mxGeometry x="870" y="360" width="180" height="60" as="geometry" />
          
        </mxCell>
        
        <mxCell id="11" style="edgeStyle=orthogonalEdgeStyle;rounded=0;html=1;exitX=1;exitY=0.5;jettySize=auto;orthogonalLoop=1;strokeWidth=2;fontSize=18;" edge="1" source="12" parent="1">
          
          <mxGeometry relative="1" as="geometry">
            
            <mxPoint x="870.3333333333333" y="470.33333333333337" as="targetPoint" />
            
          </mxGeometry>
          
        </mxCell>
        
        <mxCell id="12" value="No errorMessage" style="rounded=0;whiteSpace=wrap;html=1;shadow=1;strokeWidth=2;fontSize=18;align=center;fillColor=#ffe6cc;strokeColor=#d79b00;" vertex="1" parent="1">
          
          <mxGeometry x="650" y="440" width="180" height="60" as="geometry" />
          
        </mxCell>
        
        <mxCell id="13" value="No latitude" style="rounded=0;whiteSpace=wrap;html=1;shadow=1;strokeWidth=2;fontSize=18;align=center;fillColor=#ffe6cc;strokeColor=#d79b00;" vertex="1" parent="1">
          
          <mxGeometry x="470" y="440" width="180" height="60" as="geometry" />
          
        </mxCell>
        
        <mxCell id="14" value="Show &quot;loading&quot;" style="rounded=0;whiteSpace=wrap;html=1;shadow=1;strokeWidth=2;fontSize=18;align=center;" vertex="1" parent="1">
          
          <mxGeometry x="870" y="440" width="180" height="60" as="geometry" />
          
        </mxCell>
        
      </root>
      
    </mxGraphModel>
    
  </diagram>
  <diagram id="88bb7be3-4a9e-2ce4-f7a0-e6b5838fba54" name="15 - purpose">
    
    <mxGraphModel dx="849" dy="419" grid="1" gridSize="10" guides="1" tooltips="1" connect="1" arrows="1" fold="1" page="1" pageScale="1" pageWidth="3300" pageHeight="4681" background="#ffffff" math="0" shadow="0">
      
      <root>
        
        <mxCell id="0" />
        
        <mxCell id="1" parent="0" />
        
        <mxCell id="2" value="constructor" style="rounded=0;whiteSpace=wrap;html=1;shadow=1;strokeWidth=2;fontSize=18;align=center;" vertex="1" parent="1">
          
          <mxGeometry x="595" y="170" width="230" height="40" as="geometry" />
          
        </mxCell>
        
        <mxCell id="3" value="Component Lifecycle" style="text;html=1;strokeColor=none;fillColor=none;align=center;verticalAlign=middle;whiteSpace=wrap;rounded=0;shadow=1;fontSize=18;fontStyle=1" vertex="1" parent="1">
          
          <mxGeometry x="610" y="135" width="200" height="20" as="geometry" />
          
        </mxCell>
        
        <mxCell id="4" value="componentDidMount" style="rounded=0;whiteSpace=wrap;html=1;shadow=1;strokeWidth=2;fontSize=18;align=center;" vertex="1" parent="1">
          
          <mxGeometry x="595" y="300" width="230" height="40" as="geometry" />
          
        </mxCell>
        
        <mxCell id="5" value="render" style="rounded=0;whiteSpace=wrap;html=1;shadow=1;strokeWidth=2;fontSize=18;align=center;" vertex="1" parent="1">
          
          <mxGeometry x="595" y="220" width="230" height="40" as="geometry" />
          
        </mxCell>
        
        <mxCell id="7" value="Content visible on screen" style="text;html=1;strokeColor=none;fillColor=none;align=center;verticalAlign=middle;whiteSpace=wrap;rounded=0;shadow=1;fontSize=13;fontStyle=2" vertex="1" parent="1">
          
          <mxGeometry x="615" y="270" width="195" height="20" as="geometry" />
          
        </mxCell>
        
        <mxCell id="8" value="" style="endArrow=classic;html=1;strokeWidth=2;fontSize=18;" edge="1" parent="1">
          
          <mxGeometry width="50" height="50" relative="1" as="geometry">
            
            <mxPoint x="585" y="170" as="sourcePoint" />
            
            <mxPoint x="585" y="500" as="targetPoint" />
            
          </mxGeometry>
          
        </mxCell>
        
        <mxCell id="9" value="Time" style="text;html=1;strokeColor=none;fillColor=none;align=center;verticalAlign=middle;whiteSpace=wrap;rounded=0;shadow=1;fontSize=18;" vertex="1" parent="1">
          
          <mxGeometry x="540" y="170" width="40" height="20" as="geometry" />
          
        </mxCell>
        
        <mxCell id="10" value="componentDidUpdate" style="rounded=0;whiteSpace=wrap;html=1;shadow=1;strokeWidth=2;fontSize=18;align=center;" vertex="1" parent="1">
          
          <mxGeometry x="595" y="378" width="230" height="40" as="geometry" />
          
        </mxCell>
        
        <mxCell id="11" value="Sit and wait for updates..." style="text;html=1;strokeColor=none;fillColor=none;align=center;verticalAlign=middle;whiteSpace=wrap;rounded=0;shadow=1;fontSize=13;fontStyle=2" vertex="1" parent="1">
          
          <mxGeometry x="612.5" y="350" width="195" height="20" as="geometry" />
          
        </mxCell>
        
        <mxCell id="12" value="Sit and wait until this component is not longer shown" style="text;html=1;strokeColor=none;fillColor=none;align=center;verticalAlign=middle;whiteSpace=wrap;rounded=0;shadow=1;fontSize=13;fontStyle=2" vertex="1" parent="1">
          
          <mxGeometry x="612.5" y="429" width="195" height="20" as="geometry" />
          
        </mxCell>
        
        <mxCell id="13" value="componentWillUnmount" style="rounded=0;whiteSpace=wrap;html=1;shadow=1;strokeWidth=2;fontSize=18;align=center;" vertex="1" parent="1">
          
          <mxGeometry x="597.5" y="460" width="230" height="40" as="geometry" />
          
        </mxCell>
        
        <mxCell id="16" value="" style="shape=curlyBracket;whiteSpace=wrap;html=1;rounded=1;shadow=1;strokeWidth=2;fontSize=13;align=center;rotation=180;" vertex="1" parent="1">
          
          <mxGeometry x="830" y="170" width="20" height="40" as="geometry" />
          
        </mxCell>
        
        <mxCell id="17" value="Good place to do one-time setup" style="text;html=1;strokeColor=none;fillColor=none;align=left;verticalAlign=middle;whiteSpace=wrap;rounded=0;shadow=1;fontSize=11;" vertex="1" parent="1">
          
          <mxGeometry x="850" y="175" width="120" height="30" as="geometry" />
          
        </mxCell>
        
        <mxCell id="18" value="" style="shape=curlyBracket;whiteSpace=wrap;html=1;rounded=1;shadow=1;strokeWidth=2;fontSize=13;align=center;rotation=180;" vertex="1" parent="1">
          
          <mxGeometry x="830" y="220" width="20" height="40" as="geometry" />
          
        </mxCell>
        
        <mxCell id="19" value="Avoid doing anything besides returning JSX" style="text;html=1;strokeColor=none;fillColor=none;align=left;verticalAlign=middle;whiteSpace=wrap;rounded=0;shadow=1;fontSize=11;" vertex="1" parent="1">
          
          <mxGeometry x="850" y="225" width="120" height="30" as="geometry" />
          
        </mxCell>
        
        <mxCell id="20" value="" style="shape=curlyBracket;whiteSpace=wrap;html=1;rounded=1;shadow=1;strokeWidth=2;fontSize=13;align=center;rotation=180;" vertex="1" parent="1">
          
          <mxGeometry x="830" y="300" width="20" height="40" as="geometry" />
          
        </mxCell>
        
        <mxCell id="21" value="Good place to do data-loading!" style="text;html=1;strokeColor=none;fillColor=none;align=left;verticalAlign=middle;whiteSpace=wrap;rounded=0;shadow=1;fontSize=11;" vertex="1" parent="1">
          
          <mxGeometry x="850" y="305" width="120" height="30" as="geometry" />
          
        </mxCell>
        
        <mxCell id="24" value="" style="shape=curlyBracket;whiteSpace=wrap;html=1;rounded=1;shadow=1;strokeWidth=2;fontSize=13;align=center;rotation=180;" vertex="1" parent="1">
          
          <mxGeometry x="830" y="378" width="20" height="40" as="geometry" />
          
        </mxCell>
        
        <mxCell id="25" value="Good place to do more data-loading when state/props change" style="text;html=1;strokeColor=none;fillColor=none;align=left;verticalAlign=middle;whiteSpace=wrap;rounded=0;shadow=1;fontSize=11;" vertex="1" parent="1">
          
          <mxGeometry x="850" y="383" width="170" height="30" as="geometry" />
          
        </mxCell>
        
        <mxCell id="26" value="" style="shape=curlyBracket;whiteSpace=wrap;html=1;rounded=1;shadow=1;strokeWidth=2;fontSize=13;align=center;rotation=180;" vertex="1" parent="1">
          
          <mxGeometry x="832" y="460" width="20" height="40" as="geometry" />
          
        </mxCell>
        
        <mxCell id="27" value="Good place to do cleanup (especially for non-React stuff)" style="text;html=1;strokeColor=none;fillColor=none;align=left;verticalAlign=middle;whiteSpace=wrap;rounded=0;shadow=1;fontSize=11;" vertex="1" parent="1">
          
          <mxGeometry x="852" y="465" width="188" height="30" as="geometry" />
          
        </mxCell>
        
      </root>
      
    </mxGraphModel>
    
  </diagram>
  <diagram name="14 - others" id="fbc3a868-f950-1756-890a-6b0e220ea7f5">
    
    <mxGraphModel dx="849" dy="419" grid="1" gridSize="10" guides="1" tooltips="1" connect="1" arrows="1" fold="1" page="1" pageScale="1" pageWidth="3300" pageHeight="4681" background="#ffffff" math="0" shadow="0">
      
      <root>
        
        <mxCell id="0" />
        
        <mxCell id="1" parent="0" />
        
        <mxCell id="2" value="constructor" style="rounded=0;whiteSpace=wrap;html=1;shadow=1;strokeWidth=2;fontSize=18;align=center;" vertex="1" parent="1">
          
          <mxGeometry x="595" y="170" width="230" height="40" as="geometry" />
          
        </mxCell>
        
        <mxCell id="3" value="Component Lifecycle" style="text;html=1;strokeColor=none;fillColor=none;align=center;verticalAlign=middle;whiteSpace=wrap;rounded=0;shadow=1;fontSize=18;fontStyle=1" vertex="1" parent="1">
          
          <mxGeometry x="607.5" y="147" width="200" height="20" as="geometry" />
          
        </mxCell>
        
        <mxCell id="4" value="componentDidMount" style="rounded=0;whiteSpace=wrap;html=1;shadow=1;strokeWidth=2;fontSize=18;align=center;" vertex="1" parent="1">
          
          <mxGeometry x="595" y="300" width="230" height="40" as="geometry" />
          
        </mxCell>
        
        <mxCell id="5" value="render" style="rounded=0;whiteSpace=wrap;html=1;shadow=1;strokeWidth=2;fontSize=18;align=center;" vertex="1" parent="1">
          
          <mxGeometry x="595" y="220" width="230" height="40" as="geometry" />
          
        </mxCell>
        
        <mxCell id="6" value="Content visible on screen" style="text;html=1;strokeColor=none;fillColor=none;align=center;verticalAlign=middle;whiteSpace=wrap;rounded=0;shadow=1;fontSize=13;fontStyle=2" vertex="1" parent="1">
          
          <mxGeometry x="615" y="270" width="195" height="20" as="geometry" />
          
        </mxCell>
        
        <mxCell id="7" value="" style="endArrow=classic;html=1;strokeWidth=2;fontSize=18;" edge="1" parent="1">
          
          <mxGeometry width="50" height="50" relative="1" as="geometry">
            
            <mxPoint x="585" y="170" as="sourcePoint" />
            
            <mxPoint x="585" y="500" as="targetPoint" />
            
          </mxGeometry>
          
        </mxCell>
        
        <mxCell id="8" value="Time" style="text;html=1;strokeColor=none;fillColor=none;align=center;verticalAlign=middle;whiteSpace=wrap;rounded=0;shadow=1;fontSize=18;" vertex="1" parent="1">
          
          <mxGeometry x="540" y="170" width="40" height="20" as="geometry" />
          
        </mxCell>
        
        <mxCell id="9" value="componentDidUpdate" style="rounded=0;whiteSpace=wrap;html=1;shadow=1;strokeWidth=2;fontSize=18;align=center;" vertex="1" parent="1">
          
          <mxGeometry x="595" y="378" width="230" height="40" as="geometry" />
          
        </mxCell>
        
        <mxCell id="10" value="Sit and wait for updates..." style="text;html=1;strokeColor=none;fillColor=none;align=center;verticalAlign=middle;whiteSpace=wrap;rounded=0;shadow=1;fontSize=13;fontStyle=2" vertex="1" parent="1">
          
          <mxGeometry x="612.5" y="350" width="195" height="20" as="geometry" />
          
        </mxCell>
        
        <mxCell id="11" value="Sit and wait until this component is not longer shown" style="text;html=1;strokeColor=none;fillColor=none;align=center;verticalAlign=middle;whiteSpace=wrap;rounded=0;shadow=1;fontSize=13;fontStyle=2" vertex="1" parent="1">
          
          <mxGeometry x="612.5" y="429" width="195" height="20" as="geometry" />
          
        </mxCell>
        
        <mxCell id="12" value="componentWillUnmount" style="rounded=0;whiteSpace=wrap;html=1;shadow=1;strokeWidth=2;fontSize=18;align=center;" vertex="1" parent="1">
          
          <mxGeometry x="597.5" y="460" width="230" height="40" as="geometry" />
          
        </mxCell>
        
        <mxCell id="13" value="shouldComponentUpdate" style="rounded=0;whiteSpace=wrap;html=1;shadow=1;strokeWidth=2;fontSize=18;align=center;" vertex="1" parent="1">
          
          <mxGeometry x="910" y="220" width="230" height="40" as="geometry" />
          
        </mxCell>
        
        <mxCell id="14" value="getDerivedStateFromProps" style="rounded=0;whiteSpace=wrap;html=1;shadow=1;strokeWidth=2;fontSize=18;align=center;" vertex="1" parent="1">
          
          <mxGeometry x="910" y="270" width="230" height="40" as="geometry" />
          
        </mxCell>
        
        <mxCell id="15" value="getSnapshotBeforeUpdate" style="rounded=0;whiteSpace=wrap;html=1;shadow=1;strokeWidth=2;fontSize=18;align=center;" vertex="1" parent="1">
          
          <mxGeometry x="910" y="320" width="230" height="40" as="geometry" />
          
        </mxCell>
        
        <mxCell id="16" value="Other lifecycle methods (rarely used)" style="text;html=1;strokeColor=none;fillColor=none;align=center;verticalAlign=middle;whiteSpace=wrap;rounded=0;shadow=1;fontSize=18;fontStyle=1" vertex="1" parent="1">
          
          <mxGeometry x="925" y="189" width="200" height="20" as="geometry" />
          
        </mxCell>
        
      </root>
      
    </mxGraphModel>
    
  </diagram>
  <diagram id="a6c106b0-14c2-fefe-abec-54485f88c31b" name="16 - babel">
    
    <mxGraphModel dx="699" dy="314" grid="1" gridSize="10" guides="1" tooltips="1" connect="1" arrows="1" fold="1" page="1" pageScale="1" pageWidth="3300" pageHeight="4681" background="#ffffff" math="0" shadow="0">
      
      <root>
        
        <mxCell id="0" />
        
        <mxCell id="1" parent="0" />
        
        <mxCell id="2" value="babeljs.io" style="rounded=0;whiteSpace=wrap;html=1;shadow=1;strokeWidth=2;fontSize=23;align=center;fontStyle=1;fillColor=#dae8fc;strokeColor=#6c8ebf;" vertex="1" parent="1">
          
          <mxGeometry x="500" y="260" width="270" height="60" as="geometry" />
          
        </mxCell>
        
      </root>
      
    </mxGraphModel>
    
  </diagram>
  <diagram id="26b6499f-04b0-7647-e057-73f72f0aba4f" name="17 - month">
    
    <mxGraphModel dx="1118" dy="502" grid="1" gridSize="10" guides="1" tooltips="1" connect="1" arrows="1" fold="1" page="1" pageScale="1" pageWidth="3300" pageHeight="4681" background="#ffffff" math="0" shadow="0">
      
      <root>
        
        <mxCell id="0" />
        
        <mxCell id="1" parent="0" />
        
        <mxCell id="2" value="0" style="rounded=0;whiteSpace=wrap;html=1;shadow=1;strokeWidth=2;fontSize=23;align=center;fillColor=#dae8fc;strokeColor=#6c8ebf;" vertex="1" parent="1">
          
          <mxGeometry x="450" y="240" width="90" height="60" as="geometry" />
          
        </mxCell>
        
        <mxCell id="3" value="Jan" style="rounded=0;whiteSpace=wrap;html=1;shadow=1;strokeWidth=2;fontSize=23;align=center;" vertex="1" parent="1">
          
          <mxGeometry x="450" y="300" width="90" height="60" as="geometry" />
          
        </mxCell>
        
        <mxCell id="4" value="1" style="rounded=0;whiteSpace=wrap;html=1;shadow=1;strokeWidth=2;fontSize=23;align=center;fillColor=#dae8fc;strokeColor=#6c8ebf;" vertex="1" parent="1">
          
          <mxGeometry x="540" y="240" width="90" height="60" as="geometry" />
          
        </mxCell>
        
        <mxCell id="5" value="Feb" style="rounded=0;whiteSpace=wrap;html=1;shadow=1;strokeWidth=2;fontSize=23;align=center;" vertex="1" parent="1">
          
          <mxGeometry x="540" y="300" width="90" height="60" as="geometry" />
          
        </mxCell>
        
        <mxCell id="6" value="2" style="rounded=0;whiteSpace=wrap;html=1;shadow=1;strokeWidth=2;fontSize=23;align=center;fillColor=#dae8fc;strokeColor=#6c8ebf;" vertex="1" parent="1">
          
          <mxGeometry x="630" y="240" width="90" height="60" as="geometry" />
          
        </mxCell>
        
        <mxCell id="7" value="Mar" style="rounded=0;whiteSpace=wrap;html=1;shadow=1;strokeWidth=2;fontSize=23;align=center;" vertex="1" parent="1">
          
          <mxGeometry x="630" y="300" width="90" height="60" as="geometry" />
          
        </mxCell>
        
        <mxCell id="8" value="3" style="rounded=0;whiteSpace=wrap;html=1;shadow=1;strokeWidth=2;fontSize=23;align=center;fillColor=#ffe6cc;strokeColor=#d79b00;" vertex="1" parent="1">
          
          <mxGeometry x="720" y="240" width="90" height="60" as="geometry" />
          
        </mxCell>
        
        <mxCell id="9" value="Apr" style="rounded=0;whiteSpace=wrap;html=1;shadow=1;strokeWidth=2;fontSize=23;align=center;" vertex="1" parent="1">
          
          <mxGeometry x="720" y="300" width="90" height="60" as="geometry" />
          
        </mxCell>
        
        <mxCell id="10" value="4" style="rounded=0;whiteSpace=wrap;html=1;shadow=1;strokeWidth=2;fontSize=23;align=center;fillColor=#ffe6cc;strokeColor=#d79b00;" vertex="1" parent="1">
          
          <mxGeometry x="810" y="240" width="90" height="60" as="geometry" />
          
        </mxCell>
        
        <mxCell id="11" value="May" style="rounded=0;whiteSpace=wrap;html=1;shadow=1;strokeWidth=2;fontSize=23;align=center;" vertex="1" parent="1">
          
          <mxGeometry x="810" y="300" width="90" height="60" as="geometry" />
          
        </mxCell>
        
        <mxCell id="12" value="5" style="rounded=0;whiteSpace=wrap;html=1;shadow=1;strokeWidth=2;fontSize=23;align=center;fillColor=#ffe6cc;strokeColor=#d79b00;" vertex="1" parent="1">
          
          <mxGeometry x="900" y="240" width="90" height="60" as="geometry" />
          
        </mxCell>
        
        <mxCell id="13" value="Jun" style="rounded=0;whiteSpace=wrap;html=1;shadow=1;strokeWidth=2;fontSize=23;align=center;" vertex="1" parent="1">
          
          <mxGeometry x="900" y="300" width="90" height="60" as="geometry" />
          
        </mxCell>
        
        <mxCell id="14" value="6" style="rounded=0;whiteSpace=wrap;html=1;shadow=1;strokeWidth=2;fontSize=23;align=center;fillColor=#ffe6cc;strokeColor=#d79b00;" vertex="1" parent="1">
          
          <mxGeometry x="990" y="240" width="90" height="60" as="geometry" />
          
        </mxCell>
        
        <mxCell id="15" value="Jul" style="rounded=0;whiteSpace=wrap;html=1;shadow=1;strokeWidth=2;fontSize=23;align=center;" vertex="1" parent="1">
          
          <mxGeometry x="990" y="300" width="90" height="60" as="geometry" />
          
        </mxCell>
        
        <mxCell id="16" value="7" style="rounded=0;whiteSpace=wrap;html=1;shadow=1;strokeWidth=2;fontSize=23;align=center;fillColor=#ffe6cc;strokeColor=#d79b00;" vertex="1" parent="1">
          
          <mxGeometry x="1080" y="240" width="90" height="60" as="geometry" />
          
        </mxCell>
        
        <mxCell id="17" value="Aug" style="rounded=0;whiteSpace=wrap;html=1;shadow=1;strokeWidth=2;fontSize=23;align=center;" vertex="1" parent="1">
          
          <mxGeometry x="1080" y="300" width="90" height="60" as="geometry" />
          
        </mxCell>
        
        <mxCell id="18" value="8" style="rounded=0;whiteSpace=wrap;html=1;shadow=1;strokeWidth=2;fontSize=23;align=center;fillColor=#ffe6cc;strokeColor=#d79b00;" vertex="1" parent="1">
          
          <mxGeometry x="1170" y="240" width="90" height="60" as="geometry" />
          
        </mxCell>
        
        <mxCell id="19" value="Sept" style="rounded=0;whiteSpace=wrap;html=1;shadow=1;strokeWidth=2;fontSize=23;align=center;" vertex="1" parent="1">
          
          <mxGeometry x="1170" y="300" width="90" height="60" as="geometry" />
          
        </mxCell>
        
        <mxCell id="20" value="9" style="rounded=0;whiteSpace=wrap;html=1;shadow=1;strokeWidth=2;fontSize=23;align=center;fillColor=#dae8fc;strokeColor=#6c8ebf;" vertex="1" parent="1">
          
          <mxGeometry x="1260" y="240" width="90" height="60" as="geometry" />
          
        </mxCell>
        
        <mxCell id="21" value="Oct" style="rounded=0;whiteSpace=wrap;html=1;shadow=1;strokeWidth=2;fontSize=23;align=center;" vertex="1" parent="1">
          
          <mxGeometry x="1260" y="300" width="90" height="60" as="geometry" />
          
        </mxCell>
        
        <mxCell id="22" value="10" style="rounded=0;whiteSpace=wrap;html=1;shadow=1;strokeWidth=2;fontSize=23;align=center;fillColor=#dae8fc;strokeColor=#6c8ebf;" vertex="1" parent="1">
          
          <mxGeometry x="1350" y="240" width="90" height="60" as="geometry" />
          
        </mxCell>
        
        <mxCell id="23" value="Nov" style="rounded=0;whiteSpace=wrap;html=1;shadow=1;strokeWidth=2;fontSize=23;align=center;" vertex="1" parent="1">
          
          <mxGeometry x="1350" y="300" width="90" height="60" as="geometry" />
          
        </mxCell>
        
        <mxCell id="24" value="11" style="rounded=0;whiteSpace=wrap;html=1;shadow=1;strokeWidth=2;fontSize=23;align=center;fillColor=#dae8fc;strokeColor=#6c8ebf;" vertex="1" parent="1">
          
          <mxGeometry x="1440" y="240" width="90" height="60" as="geometry" />
          
        </mxCell>
        
        <mxCell id="25" value="Dec" style="rounded=0;whiteSpace=wrap;html=1;shadow=1;strokeWidth=2;fontSize=23;align=center;" vertex="1" parent="1">
          
          <mxGeometry x="1440" y="300" width="90" height="60" as="geometry" />
          
        </mxCell>
        
        <mxCell id="26" value="Northern Hemisphere" style="text;html=1;strokeColor=none;fillColor=none;align=center;verticalAlign=middle;whiteSpace=wrap;rounded=0;shadow=1;fontSize=23;" vertex="1" parent="1">
          
          <mxGeometry x="450" y="190" width="225" height="20" as="geometry" />
          
        </mxCell>
        
        <mxCell id="27" value="0" style="rounded=0;whiteSpace=wrap;html=1;shadow=1;strokeWidth=2;fontSize=23;align=center;fillColor=#ffe6cc;strokeColor=#d79b00;" vertex="1" parent="1">
          
          <mxGeometry x="450" y="470" width="90" height="60" as="geometry" />
          
        </mxCell>
        
        <mxCell id="28" value="Jan" style="rounded=0;whiteSpace=wrap;html=1;shadow=1;strokeWidth=2;fontSize=23;align=center;" vertex="1" parent="1">
          
          <mxGeometry x="450" y="530" width="90" height="60" as="geometry" />
          
        </mxCell>
        
        <mxCell id="29" value="1" style="rounded=0;whiteSpace=wrap;html=1;shadow=1;strokeWidth=2;fontSize=23;align=center;fillColor=#ffe6cc;strokeColor=#d79b00;" vertex="1" parent="1">
          
          <mxGeometry x="540" y="470" width="90" height="60" as="geometry" />
          
        </mxCell>
        
        <mxCell id="30" value="Feb" style="rounded=0;whiteSpace=wrap;html=1;shadow=1;strokeWidth=2;fontSize=23;align=center;" vertex="1" parent="1">
          
          <mxGeometry x="540" y="530" width="90" height="60" as="geometry" />
          
        </mxCell>
        
        <mxCell id="31" value="2" style="rounded=0;whiteSpace=wrap;html=1;shadow=1;strokeWidth=2;fontSize=23;align=center;fillColor=#ffe6cc;strokeColor=#d79b00;" vertex="1" parent="1">
          
          <mxGeometry x="630" y="470" width="90" height="60" as="geometry" />
          
        </mxCell>
        
        <mxCell id="32" value="Mar" style="rounded=0;whiteSpace=wrap;html=1;shadow=1;strokeWidth=2;fontSize=23;align=center;" vertex="1" parent="1">
          
          <mxGeometry x="630" y="530" width="90" height="60" as="geometry" />
          
        </mxCell>
        
        <mxCell id="33" value="3" style="rounded=0;whiteSpace=wrap;html=1;shadow=1;strokeWidth=2;fontSize=23;align=center;fillColor=#dae8fc;strokeColor=#6c8ebf;" vertex="1" parent="1">
          
          <mxGeometry x="720" y="470" width="90" height="60" as="geometry" />
          
        </mxCell>
        
        <mxCell id="34" value="Apr" style="rounded=0;whiteSpace=wrap;html=1;shadow=1;strokeWidth=2;fontSize=23;align=center;" vertex="1" parent="1">
          
          <mxGeometry x="720" y="530" width="90" height="60" as="geometry" />
          
        </mxCell>
        
        <mxCell id="35" value="4" style="rounded=0;whiteSpace=wrap;html=1;shadow=1;strokeWidth=2;fontSize=23;align=center;fillColor=#dae8fc;strokeColor=#6c8ebf;" vertex="1" parent="1">
          
          <mxGeometry x="810" y="470" width="90" height="60" as="geometry" />
          
        </mxCell>
        
        <mxCell id="36" value="May" style="rounded=0;whiteSpace=wrap;html=1;shadow=1;strokeWidth=2;fontSize=23;align=center;" vertex="1" parent="1">
          
          <mxGeometry x="810" y="530" width="90" height="60" as="geometry" />
          
        </mxCell>
        
        <mxCell id="37" value="5" style="rounded=0;whiteSpace=wrap;html=1;shadow=1;strokeWidth=2;fontSize=23;align=center;fillColor=#dae8fc;strokeColor=#6c8ebf;" vertex="1" parent="1">
          
          <mxGeometry x="900" y="470" width="90" height="60" as="geometry" />
          
        </mxCell>
        
        <mxCell id="38" value="Jun" style="rounded=0;whiteSpace=wrap;html=1;shadow=1;strokeWidth=2;fontSize=23;align=center;" vertex="1" parent="1">
          
          <mxGeometry x="900" y="530" width="90" height="60" as="geometry" />
          
        </mxCell>
        
        <mxCell id="39" value="6" style="rounded=0;whiteSpace=wrap;html=1;shadow=1;strokeWidth=2;fontSize=23;align=center;fillColor=#dae8fc;strokeColor=#6c8ebf;" vertex="1" parent="1">
          
          <mxGeometry x="990" y="470" width="90" height="60" as="geometry" />
          
        </mxCell>
        
        <mxCell id="40" value="Jul" style="rounded=0;whiteSpace=wrap;html=1;shadow=1;strokeWidth=2;fontSize=23;align=center;" vertex="1" parent="1">
          
          <mxGeometry x="990" y="530" width="90" height="60" as="geometry" />
          
        </mxCell>
        
        <mxCell id="41" value="7" style="rounded=0;whiteSpace=wrap;html=1;shadow=1;strokeWidth=2;fontSize=23;align=center;fillColor=#dae8fc;strokeColor=#6c8ebf;" vertex="1" parent="1">
          
          <mxGeometry x="1080" y="470" width="90" height="60" as="geometry" />
          
        </mxCell>
        
        <mxCell id="42" value="Aug" style="rounded=0;whiteSpace=wrap;html=1;shadow=1;strokeWidth=2;fontSize=23;align=center;" vertex="1" parent="1">
          
          <mxGeometry x="1080" y="530" width="90" height="60" as="geometry" />
          
        </mxCell>
        
        <mxCell id="43" value="8" style="rounded=0;whiteSpace=wrap;html=1;shadow=1;strokeWidth=2;fontSize=23;align=center;fillColor=#dae8fc;strokeColor=#6c8ebf;" vertex="1" parent="1">
          
          <mxGeometry x="1170" y="470" width="90" height="60" as="geometry" />
          
        </mxCell>
        
        <mxCell id="44" value="Sept" style="rounded=0;whiteSpace=wrap;html=1;shadow=1;strokeWidth=2;fontSize=23;align=center;" vertex="1" parent="1">
          
          <mxGeometry x="1170" y="530" width="90" height="60" as="geometry" />
          
        </mxCell>
        
        <mxCell id="45" value="9" style="rounded=0;whiteSpace=wrap;html=1;shadow=1;strokeWidth=2;fontSize=23;align=center;fillColor=#ffe6cc;strokeColor=#d79b00;" vertex="1" parent="1">
          
          <mxGeometry x="1260" y="470" width="90" height="60" as="geometry" />
          
        </mxCell>
        
        <mxCell id="46" value="Oct" style="rounded=0;whiteSpace=wrap;html=1;shadow=1;strokeWidth=2;fontSize=23;align=center;" vertex="1" parent="1">
          
          <mxGeometry x="1260" y="530" width="90" height="60" as="geometry" />
          
        </mxCell>
        
        <mxCell id="47" value="10" style="rounded=0;whiteSpace=wrap;html=1;shadow=1;strokeWidth=2;fontSize=23;align=center;fillColor=#ffe6cc;strokeColor=#d79b00;" vertex="1" parent="1">
          
          <mxGeometry x="1350" y="470" width="90" height="60" as="geometry" />
          
        </mxCell>
        
        <mxCell id="48" value="Nov" style="rounded=0;whiteSpace=wrap;html=1;shadow=1;strokeWidth=2;fontSize=23;align=center;" vertex="1" parent="1">
          
          <mxGeometry x="1350" y="530" width="90" height="60" as="geometry" />
          
        </mxCell>
        
        <mxCell id="49" value="11" style="rounded=0;whiteSpace=wrap;html=1;shadow=1;strokeWidth=2;fontSize=23;align=center;fillColor=#ffe6cc;strokeColor=#d79b00;" vertex="1" parent="1">
          
          <mxGeometry x="1440" y="470" width="90" height="60" as="geometry" />
          
        </mxCell>
        
        <mxCell id="50" value="Dec" style="rounded=0;whiteSpace=wrap;html=1;shadow=1;strokeWidth=2;fontSize=23;align=center;" vertex="1" parent="1">
          
          <mxGeometry x="1440" y="530" width="90" height="60" as="geometry" />
          
        </mxCell>
        
        <mxCell id="51" value="Southern Hemisphere" style="text;html=1;strokeColor=none;fillColor=none;align=center;verticalAlign=middle;whiteSpace=wrap;rounded=0;shadow=1;fontSize=23;" vertex="1" parent="1">
          
          <mxGeometry x="450" y="420" width="240" height="20" as="geometry" />
          
        </mxCell>
        
      </root>
      
    </mxGraphModel>
    
  </diagram>
  <diagram id="af34e7dd-ff81-322c-2a2a-48519f879bb6" name="02 - class">
    
    <mxGraphModel dx="1036" dy="510" grid="1" gridSize="10" guides="1" tooltips="1" connect="1" arrows="1" fold="1" page="1" pageScale="1" pageWidth="3300" pageHeight="4681" background="#ffffff" math="0" shadow="0">
      
      <root>
        
        <mxCell id="0" />
        
        <mxCell id="1" parent="0" />
        
        <mxCell id="5" style="edgeStyle=orthogonalEdgeStyle;rounded=0;html=1;exitX=1;exitY=0.5;entryX=0;entryY=0.5;jettySize=auto;orthogonalLoop=1;fontSize=19;strokeWidth=2;" parent="1" source="2" target="4" edge="1">
          
          <mxGeometry relative="1" as="geometry" />
          
        </mxCell>
        
        <mxCell id="7" style="edgeStyle=orthogonalEdgeStyle;rounded=0;html=1;exitX=1;exitY=0.5;jettySize=auto;orthogonalLoop=1;strokeWidth=2;fontSize=19;" parent="1" source="2" target="6" edge="1">
          
          <mxGeometry relative="1" as="geometry" />
          
        </mxCell>
        
        <mxCell id="11" style="edgeStyle=orthogonalEdgeStyle;rounded=0;html=1;exitX=1;exitY=0.5;entryX=0;entryY=0.5;jettySize=auto;orthogonalLoop=1;strokeWidth=2;fontSize=19;" parent="1" source="2" target="10" edge="1">
          
          <mxGeometry relative="1" as="geometry" />
          
        </mxCell>
        
        <mxCell id="2" value="&lt;b&gt;Class&lt;/b&gt; Components" style="rounded=0;whiteSpace=wrap;html=1;strokeWidth=2;fontSize=24;fillColor=#dae8fc;strokeColor=#6c8ebf;" parent="1" vertex="1">
          
          <mxGeometry x="470" y="265" width="200" height="80" as="geometry" />
          
        </mxCell>
        
        <mxCell id="3" value="Benefits of.." style="text;html=1;strokeColor=none;fillColor=none;align=center;verticalAlign=middle;whiteSpace=wrap;rounded=0;shadow=1;fontSize=19;" parent="1" vertex="1">
          
          <mxGeometry x="490" y="240" width="160" height="20" as="geometry" />
          
        </mxCell>
        
        <mxCell id="4" value="Easier code organization" style="rounded=0;whiteSpace=wrap;html=1;shadow=1;strokeWidth=2;fontSize=19;align=center;" parent="1" vertex="1">
          
          <mxGeometry x="780" y="155" width="180" height="70" as="geometry" />
          
        </mxCell>
        
        <mxCell id="9" style="edgeStyle=orthogonalEdgeStyle;rounded=0;html=1;exitX=1;exitY=0.5;jettySize=auto;orthogonalLoop=1;strokeWidth=2;fontSize=19;" parent="1" source="6" target="8" edge="1">
          
          <mxGeometry relative="1" as="geometry" />
          
        </mxCell>
        
        <mxCell id="6" value="Can use &#39;state&#39; (another React system)" style="rounded=0;whiteSpace=wrap;html=1;shadow=1;strokeWidth=2;fontSize=19;align=center;" parent="1" vertex="1">
          
          <mxGeometry x="780" y="270" width="180" height="70" as="geometry" />
          
        </mxCell>
        
        <mxCell id="8" value="Easier to handle user input" style="rounded=0;whiteSpace=wrap;html=1;shadow=1;strokeWidth=2;fontSize=19;align=center;" parent="1" vertex="1">
          
          <mxGeometry x="1000" y="270" width="180" height="70" as="geometry" />
          
        </mxCell>
        
        <mxCell id="10" value="Understands lifecycle events" style="rounded=0;whiteSpace=wrap;html=1;shadow=1;strokeWidth=2;fontSize=19;align=center;" parent="1" vertex="1">
          
          <mxGeometry x="780" y="380" width="180" height="70" as="geometry" />
          
        </mxCell>
        
        <mxCell id="12" style="edgeStyle=orthogonalEdgeStyle;rounded=0;html=1;exitX=1;exitY=0.5;jettySize=auto;orthogonalLoop=1;strokeWidth=2;fontSize=19;" parent="1" target="13" edge="1">
          
          <mxGeometry relative="1" as="geometry">
            
            <mxPoint x="960" y="415" as="sourcePoint" />
            
          </mxGeometry>
          
        </mxCell>
        
        <mxCell id="13" value="Easier to do things when the app first starts" style="rounded=0;whiteSpace=wrap;html=1;shadow=1;strokeWidth=2;fontSize=19;align=center;" parent="1" vertex="1">
          
          <mxGeometry x="1000" y="380" width="180" height="70" as="geometry" />
          
        </mxCell>
        
      </root>
      
    </mxGraphModel>
    
  </diagram>
  <diagram id="dd9b1297-61fe-069e-f465-ad14319954ee" name="09 - class">
    
    <mxGraphModel dx="699" dy="314" grid="1" gridSize="10" guides="1" tooltips="1" connect="1" arrows="1" fold="1" page="1" pageScale="1" pageWidth="3300" pageHeight="4681" background="#ffffff" math="0" shadow="0">
      
      <root>
        
        <mxCell id="0" />
        
        <mxCell id="1" parent="0" />
        
        <mxCell id="2" value="&lt;b&gt;Rules of Class&lt;/b&gt; Components" style="rounded=0;whiteSpace=wrap;html=1;strokeWidth=2;fontSize=24;fillColor=#dae8fc;strokeColor=#6c8ebf;" vertex="1" parent="1">
          
          <mxGeometry x="610" y="200" width="200" height="80" as="geometry" />
          
        </mxCell>
        
        <mxCell id="3" value="Must be a Javascript Class" style="rounded=0;whiteSpace=wrap;html=1;shadow=1;strokeWidth=2;fontSize=20;align=center;" vertex="1" parent="1">
          
          <mxGeometry x="540" y="290" width="340" height="60" as="geometry" />
          
        </mxCell>
        
        <mxCell id="4" value="Must &lt;i style=&quot;font-size: 20px;&quot;&gt;extend (subclass) &lt;/i&gt;React.Component" style="rounded=0;whiteSpace=wrap;html=1;shadow=1;strokeWidth=2;fontSize=20;align=center;" vertex="1" parent="1">
          
          <mxGeometry x="540" y="360" width="340" height="60" as="geometry" />
          
        </mxCell>
        
        <mxCell id="5" value="Must define a &#39;render&#39; method that returns some amount of JSX" style="rounded=0;whiteSpace=wrap;html=1;shadow=1;strokeWidth=2;fontSize=20;align=center;" vertex="1" parent="1">
          
          <mxGeometry x="540" y="430" width="340" height="60" as="geometry" />
          
        </mxCell>
        
      </root>
      
    </mxGraphModel>
    
  </diagram>
  <diagram id="22e60ef9-b80d-a026-d91a-b46a57bb0b02" name="10 - state">
    
    <mxGraphModel dx="699" dy="314" grid="1" gridSize="10" guides="1" tooltips="1" connect="1" arrows="1" fold="1" page="1" pageScale="1" pageWidth="3300" pageHeight="4681" background="#ffffff" math="0" shadow="0">
      
      <root>
        
        <mxCell id="0" />
        
        <mxCell id="1" parent="0" />
        
        <mxCell id="2" value="&lt;b&gt;Rules of State&lt;/b&gt;" style="rounded=0;whiteSpace=wrap;html=1;strokeWidth=2;fontSize=24;fillColor=#dae8fc;strokeColor=#6c8ebf;" vertex="1" parent="1">
          
          <mxGeometry x="610" y="200" width="200" height="40" as="geometry" />
          
        </mxCell>
        
        <mxCell id="3" value="Only usable with class components" style="rounded=0;whiteSpace=wrap;html=1;shadow=1;strokeWidth=2;fontSize=16;align=center;" vertex="1" parent="1">
          
          <mxGeometry x="510" y="250" width="400" height="40" as="geometry" />
          
        </mxCell>
        
        <mxCell id="6" value="You will confuse props with state :(" style="rounded=0;whiteSpace=wrap;html=1;shadow=1;strokeWidth=2;fontSize=16;align=center;" vertex="1" parent="1">
          
          <mxGeometry x="510" y="300" width="400" height="40" as="geometry" />
          
        </mxCell>
        
        <mxCell id="7" value="Technically can be used with functional components using the &#39;hooks&#39; system (thing to discuss later)" style="text;html=1;strokeColor=none;fillColor=none;align=left;verticalAlign=middle;whiteSpace=wrap;rounded=0;shadow=1;fontSize=8;fontStyle=2" vertex="1" parent="1">
          
          <mxGeometry x="920" y="260" width="140" height="20" as="geometry" />
          
        </mxCell>
        
        <mxCell id="8" value="&#39;State&#39; is a JS object that contains data relevant to a component" style="rounded=0;whiteSpace=wrap;html=1;shadow=1;strokeWidth=2;fontSize=16;align=center;" vertex="1" parent="1">
          
          <mxGeometry x="510" y="350" width="400" height="40" as="geometry" />
          
        </mxCell>
        
        <mxCell id="9" value="Updating &#39;state&#39; on a component causes the component to (almost) instantly rerender" style="rounded=0;whiteSpace=wrap;html=1;shadow=1;strokeWidth=2;fontSize=16;align=center;fontStyle=0" vertex="1" parent="1">
          
          <mxGeometry x="510" y="400" width="400" height="40" as="geometry" />
          
        </mxCell>
        
        <mxCell id="10" value="State must be initialized when a component is created" style="rounded=0;whiteSpace=wrap;html=1;shadow=1;strokeWidth=2;fontSize=16;align=center;fillColor=#ffffff;strokeColor=#000000;fontStyle=0" vertex="1" parent="1">
          
          <mxGeometry x="510" y="450" width="400" height="40" as="geometry" />
          
        </mxCell>
        
        <mxCell id="11" value="State can &lt;span&gt;only&lt;/span&gt;&amp;nbsp;be updated using the function &#39;&lt;b&gt;setState&lt;/b&gt;&#39;&amp;nbsp;" style="rounded=0;whiteSpace=wrap;html=1;shadow=1;strokeWidth=2;fontSize=16;align=center;fontStyle=0" vertex="1" parent="1">
          
          <mxGeometry x="510" y="500" width="400" height="40" as="geometry" />
          
        </mxCell>
        
      </root>
      
    </mxGraphModel>
    
  </diagram>
  <diagram name="13 - lifecycle" id="920d032f-23c0-cf3e-72d1-81c098971b1a">
    
    <mxGraphModel dx="932" dy="419" grid="1" gridSize="10" guides="1" tooltips="1" connect="1" arrows="1" fold="1" page="1" pageScale="1" pageWidth="3300" pageHeight="4681" background="#ffffff" math="0" shadow="0">
      
      <root>
        
        <mxCell id="0" />
        
        <mxCell id="1" parent="0" />
        
        <mxCell id="2" value="constructor" style="rounded=0;whiteSpace=wrap;html=1;shadow=1;strokeWidth=2;fontSize=18;align=center;" vertex="1" parent="1">
          
          <mxGeometry x="595" y="170" width="230" height="40" as="geometry" />
          
        </mxCell>
        
        <mxCell id="3" value="Component Lifecycle" style="text;html=1;strokeColor=none;fillColor=none;align=center;verticalAlign=middle;whiteSpace=wrap;rounded=0;shadow=1;fontSize=18;fontStyle=1" vertex="1" parent="1">
          
          <mxGeometry x="610" y="143" width="200" height="20" as="geometry" />
          
        </mxCell>
        
        <mxCell id="4" value="componentDidMount" style="rounded=0;whiteSpace=wrap;html=1;shadow=1;strokeWidth=2;fontSize=18;align=center;" vertex="1" parent="1">
          
          <mxGeometry x="595" y="300" width="230" height="40" as="geometry" />
          
        </mxCell>
        
        <mxCell id="5" value="render" style="rounded=0;whiteSpace=wrap;html=1;shadow=1;strokeWidth=2;fontSize=18;align=center;" vertex="1" parent="1">
          
          <mxGeometry x="595" y="220" width="230" height="40" as="geometry" />
          
        </mxCell>
        
        <mxCell id="6" value="Content visible on screen" style="text;html=1;strokeColor=none;fillColor=none;align=center;verticalAlign=middle;whiteSpace=wrap;rounded=0;shadow=1;fontSize=13;fontStyle=2" vertex="1" parent="1">
          
          <mxGeometry x="615" y="270" width="195" height="20" as="geometry" />
          
        </mxCell>
        
        <mxCell id="7" value="" style="endArrow=classic;html=1;strokeWidth=2;fontSize=18;" edge="1" parent="1">
          
          <mxGeometry width="50" height="50" relative="1" as="geometry">
            
            <mxPoint x="585" y="170" as="sourcePoint" />
            
            <mxPoint x="585" y="500" as="targetPoint" />
            
          </mxGeometry>
          
        </mxCell>
        
        <mxCell id="8" value="Time" style="text;html=1;strokeColor=none;fillColor=none;align=center;verticalAlign=middle;whiteSpace=wrap;rounded=0;shadow=1;fontSize=18;" vertex="1" parent="1">
          
          <mxGeometry x="540" y="170" width="40" height="20" as="geometry" />
          
        </mxCell>
        
        <mxCell id="9" value="componentDidUpdate" style="rounded=0;whiteSpace=wrap;html=1;shadow=1;strokeWidth=2;fontSize=18;align=center;" vertex="1" parent="1">
          
          <mxGeometry x="595" y="378" width="230" height="40" as="geometry" />
          
        </mxCell>
        
        <mxCell id="10" value="Sit and wait for updates..." style="text;html=1;strokeColor=none;fillColor=none;align=center;verticalAlign=middle;whiteSpace=wrap;rounded=0;shadow=1;fontSize=13;fontStyle=2" vertex="1" parent="1">
          
          <mxGeometry x="612.5" y="350" width="195" height="20" as="geometry" />
          
        </mxCell>
        
        <mxCell id="11" value="Sit and wait until this component is not longer shown" style="text;html=1;strokeColor=none;fillColor=none;align=center;verticalAlign=middle;whiteSpace=wrap;rounded=0;shadow=1;fontSize=13;fontStyle=2" vertex="1" parent="1">
          
          <mxGeometry x="612.5" y="429" width="195" height="20" as="geometry" />
          
        </mxCell>
        
        <mxCell id="12" value="componentWillUnmount" style="rounded=0;whiteSpace=wrap;html=1;shadow=1;strokeWidth=2;fontSize=18;align=center;" vertex="1" parent="1">
          
          <mxGeometry x="597.5" y="460" width="230" height="40" as="geometry" />
          
        </mxCell>
        
      </root>
      
    </mxGraphModel>
    
  </diagram>
</mxfile>
